FIELD_MGT_NO_현장관리번호,EQ_NM_시설명칭,EQ_NO,FWK_FCLT_NM_기능시설명,TASK_NM_과업,SOU_ID,L2_AREA_NAME,L3_BUILDING,L4_FLOOR,L5_SECTOR,L6_ROOM,FWK_F1,FWK_F2,FWK_F3,FWK_F4
,B1.5-0126,,화장실,환경미화,기타-환경미화운영사업소-환경미화-0000001,탑승단지>제2터미널지역>본관구역,제2교통센터,지하1.5층,,B1.5-0126,기계,급수/배수/위생,위생기구/세면기/변기,화장실
,3F-7642,,화장실,환경미화,기타-환경미화운영사업소-환경미화-0000002,탑승단지>제2터미널지역>본관구역,제2여객터미널A/S,3층,,3F-7642,기계,급수/배수/위생,위생기구/세면기/변기,화장실
,3F-7741,,화장실,환경미화,기타-환경미화운영사업소-환경미화-0000003,탑승단지>제2터미널지역>본관구역,제2여객터미널A/S,3층,,3F-7741,기계,급수/배수/위생,위생기구/세면기/변기,화장실
,3F-7742,,화장실,환경미화,기타-환경미화운영사업소-환경미화-0000004,탑승단지>제2터미널지역>본관구역,제2여객터미널A/S,3층,,3F-7742,기계,급수/배수/위생,위생기구/세면기/변기,화장실
,3F-9041,,화장실,환경미화,기타-환경미화운영사업소-환경미화-0000005,탑승단지>제2터미널지역>본관구역,제2여객터미널A/S,3층,,3F-9041,기계,급수/배수/위생,위생기구/세면기/변기,화장실
,3F-9042,,화장실,환경미화,기타-환경미화운영사업소-환경미화-0000006,탑승단지>제2터미널지역>본관구역,제2여객터미널A/S,3층,,3F-9042,기계,급수/배수/위생,위생기구/세면기/변기,화장실
,3F-9141,,화장실,환경미화,기타-환경미화운영사업소-환경미화-0000007,탑승단지>제2터미널지역>본관구역,제2여객터미널A/S,3층,,3F-9141,기계,급수/배수/위생,위생기구/세면기/변기,화장실
,3F-9142,,화장실,환경미화,기타-환경미화운영사업소-환경미화-0000008,탑승단지>제2터미널지역>본관구역,제2여객터미널A/S,3층,,3F-9142,기계,급수/배수/위생,위생기구/세면기/변기,화장실
,3F-9341,,화장실,환경미화,기타-환경미화운영사업소-환경미화-0000009,탑승단지>제2터미널지역>본관구역,제2여객터미널A/S,3층,,3F-9341,기계,급수/배수/위생,위생기구/세면기/변기,화장실
,3F-9342,,화장실,환경미화,기타-환경미화운영사업소-환경미화-0000010,탑승단지>제2터미널지역>본관구역,제2여객터미널A/S,3층,,3F-9342,기계,급수/배수/위생,위생기구/세면기/변기,화장실
,3F-9347,,화장실,환경미화,기타-환경미화운영사업소-환경미화-0000011,탑승단지>제2터미널지역>본관구역,제2여객터미널A/S,3층,,3F-9347,기계,급수/배수/위생,위생기구/세면기/변기,화장실
,3F-9348,,화장실,환경미화,기타-환경미화운영사업소-환경미화-0000012,탑승단지>제2터미널지역>본관구역,제2여객터미널A/S,3층,,3F-9348,기계,급수/배수/위생,위생기구/세면기/변기,화장실
,3F-3441,,화장실,환경미화,기타-환경미화운영사업소-환경미화-0000013,탑승단지>제2터미널지역>본관구역,제2여객터미널A/S,3층,,3F-3441,기계,급수/배수/위생,위생기구/세면기/변기,화장실
,3F-3442,,화장실,환경미화,기타-환경미화운영사업소-환경미화-0000014,탑승단지>제2터미널지역>본관구역,제2여객터미널A/S,3층,,3F-3442,기계,급수/배수/위생,위생기구/세면기/변기,화장실
,3F-3551,,화장실,환경미화,기타-환경미화운영사업소-환경미화-0000015,탑승단지>제2터미널지역>본관구역,제2여객터미널A/S,3층,,3F-3551,기계,급수/배수/위생,위생기구/세면기/변기,화장실
,3F-3552,,화장실,환경미화,기타-환경미화운영사업소-환경미화-0000016,탑승단지>제2터미널지역>본관구역,제2여객터미널A/S,3층,,3F-3552,기계,급수/배수/위생,위생기구/세면기/변기,화장실
,3F-3641,,화장실,환경미화,기타-환경미화운영사업소-환경미화-0000017,탑승단지>제2터미널지역>본관구역,제2여객터미널A/S,3층,,3F-3641,기계,급수/배수/위생,위생기구/세면기/변기,화장실
,3F-3642,,화장실,환경미화,기타-환경미화운영사업소-환경미화-0000018,탑승단지>제2터미널지역>본관구역,제2여객터미널A/S,3층,,3F-3642,기계,급수/배수/위생,위생기구/세면기/변기,화장실
,3F-3841,,화장실,환경미화,기타-환경미화운영사업소-환경미화-0000019,탑승단지>제2터미널지역>본관구역,제2여객터미널A/S,3층,,3F-3841,기계,급수/배수/위생,위생기구/세면기/변기,화장실
,3F-3842,,화장실,환경미화,기타-환경미화운영사업소-환경미화-0000020,탑승단지>제2터미널지역>본관구역,제2여객터미널A/S,3층,,3F-3842,기계,급수/배수/위생,위생기구/세면기/변기,화장실
,3F-8341,,화장실,환경미화,기타-환경미화운영사업소-환경미화-0000021,탑승단지>제2터미널지역>본관구역,제2여객터미널A/S,3층,,3F-8341,기계,급수/배수/위생,위생기구/세면기/변기,화장실
,3F-8342,,화장실,환경미화,기타-환경미화운영사업소-환경미화-0000022,탑승단지>제2터미널지역>본관구역,제2여객터미널A/S,3층,,3F-8342,기계,급수/배수/위생,위생기구/세면기/변기,화장실
,3F-8441,,화장실,환경미화,기타-환경미화운영사업소-환경미화-0000023,탑승단지>제2터미널지역>본관구역,제2여객터미널A/S,3층,,3F-8441,기계,급수/배수/위생,위생기구/세면기/변기,화장실
,3F-7641,,화장실,환경미화,기타-환경미화운영사업소-환경미화-0000024,탑승단지>제2터미널지역>본관구역,제2여객터미널A/S,3층,,3F-7641,기계,급수/배수/위생,위생기구/세면기/변기,화장실
,3F-7542,,화장실,환경미화,기타-환경미화운영사업소-환경미화-0000025,탑승단지>제2터미널지역>본관구역,제2여객터미널A/S,3층,,3F-7542,기계,급수/배수/위생,위생기구/세면기/변기,화장실
,1-7-12 여,,화장실,환경미화,기타-환경미화운영사업소-환경미화-0000026,탑승단지>제1터미널>교통센터구역,제1교통센터,1층,,1-7-12 여,기계,급수/배수/위생,위생기구/세면기/변기,화장실
,3F-4204,,화장실,환경미화,기타-환경미화운영사업소-환경미화-0000027,탑승단지>제2터미널지역>본관구역,제2여객터미널A/S,3층,,3F-4204,기계,급수/배수/위생,위생기구/세면기/변기,화장실
,3F-4203,,화장실,환경미화,기타-환경미화운영사업소-환경미화-0000028,탑승단지>제2터미널지역>본관구역,제2여객터미널A/S,3층,,3F-4203,기계,급수/배수/위생,위생기구/세면기/변기,화장실
,3F-4315,,화장실,환경미화,기타-환경미화운영사업소-환경미화-0000029,탑승단지>제2터미널지역>본관구역,제2여객터미널A/S,3층,,3F-4315,기계,급수/배수/위생,위생기구/세면기/변기,화장실
,3F-4314,,화장실,환경미화,기타-환경미화운영사업소-환경미화-0000030,탑승단지>제2터미널지역>본관구역,제2여객터미널A/S,3층,,3F-4314,기계,급수/배수/위생,위생기구/세면기/변기,화장실
,3F-4405,,화장실,환경미화,기타-환경미화운영사업소-환경미화-0000031,탑승단지>제2터미널지역>본관구역,제2여객터미널A/S,3층,,3F-4405,기계,급수/배수/위생,위생기구/세면기/변기,화장실
,B3-8-16 장,,화장실,환경미화,기타-환경미화운영사업소-환경미화-0000032,탑승단지>제1터미널>교통센터구역,제1교통센터,지하3층,,B3-8-16 장,기계,급수/배수/위생,위생기구/세면기/변기,화장실
,B3-10-11 남,,화장실,환경미화,기타-환경미화운영사업소-환경미화-0000033,탑승단지>제1터미널>교통센터구역,제1교통센터,지하3층,,B3-10-11 남,기계,급수/배수/위생,위생기구/세면기/변기,화장실
,3F-4404,,화장실,환경미화,기타-환경미화운영사업소-환경미화-0000034,탑승단지>제2터미널지역>본관구역,제2여객터미널A/S,3층,,3F-4404,기계,급수/배수/위생,위생기구/세면기/변기,화장실
,3F-4512,,화장실,환경미화,기타-환경미화운영사업소-환경미화-0000035,탑승단지>제2터미널지역>본관구역,제2여객터미널A/S,3층,,3F-4512,기계,급수/배수/위생,위생기구/세면기/변기,화장실
,3F-4511,,화장실,환경미화,기타-환경미화운영사업소-환경미화-0000036,탑승단지>제2터미널지역>본관구역,제2여객터미널A/S,3층,,3F-4511,기계,급수/배수/위생,위생기구/세면기/변기,화장실
,3F-2141,,화장실,환경미화,기타-환경미화운영사업소-환경미화-0000037,탑승단지>제2터미널지역>본관구역,제2여객터미널A/S,3층,,3F-2141,기계,급수/배수/위생,위생기구/세면기/변기,화장실
,3F-2142,,화장실,환경미화,기타-환경미화운영사업소-환경미화-0000038,탑승단지>제2터미널지역>본관구역,제2여객터미널A/S,3층,,3F-2142,기계,급수/배수/위생,위생기구/세면기/변기,화장실
,3F-2641,,화장실,환경미화,기타-환경미화운영사업소-환경미화-0000039,탑승단지>제2터미널지역>본관구역,제2여객터미널A/S,3층,,3F-2641,기계,급수/배수/위생,위생기구/세면기/변기,화장실
,3F-2642,,화장실,환경미화,기타-환경미화운영사업소-환경미화-0000040,탑승단지>제2터미널지역>본관구역,제2여객터미널A/S,3층,,3F-2642,기계,급수/배수/위생,위생기구/세면기/변기,화장실
,3F-7241,,화장실,환경미화,기타-환경미화운영사업소-환경미화-0000041,탑승단지>제2터미널지역>본관구역,제2여객터미널A/S,3층,,3F-7241,기계,급수/배수/위생,위생기구/세면기/변기,화장실
,3F-7242,,화장실,환경미화,기타-환경미화운영사업소-환경미화-0000042,탑승단지>제2터미널지역>본관구역,제2여객터미널A/S,3층,,3F-7242,기계,급수/배수/위생,위생기구/세면기/변기,화장실
,3F-7341,,화장실,환경미화,기타-환경미화운영사업소-환경미화-0000043,탑승단지>제2터미널지역>본관구역,제2여객터미널A/S,3층,,3F-7341,기계,급수/배수/위생,위생기구/세면기/변기,화장실
,3F-7342,,화장실,환경미화,기타-환경미화운영사업소-환경미화-0000044,탑승단지>제2터미널지역>본관구역,제2여객터미널A/S,3층,,3F-7342,기계,급수/배수/위생,위생기구/세면기/변기,화장실
,3F-7441,,화장실,환경미화,기타-환경미화운영사업소-환경미화-0000045,탑승단지>제2터미널지역>본관구역,제2여객터미널A/S,3층,,3F-7441,기계,급수/배수/위생,위생기구/세면기/변기,화장실
,3F-7442,,화장실,환경미화,기타-환경미화운영사업소-환경미화-0000046,탑승단지>제2터미널지역>본관구역,제2여객터미널A/S,3층,,3F-7442,기계,급수/배수/위생,위생기구/세면기/변기,화장실
,3F-7541,,화장실,환경미화,기타-환경미화운영사업소-환경미화-0000047,탑승단지>제2터미널지역>본관구역,제2여객터미널A/S,3층,,3F-7541,기계,급수/배수/위생,위생기구/세면기/변기,화장실
,3F-8442,,화장실,환경미화,기타-환경미화운영사업소-환경미화-0000048,탑승단지>제2터미널지역>본관구역,제2여객터미널A/S,3층,,3F-8442,기계,급수/배수/위생,위생기구/세면기/변기,화장실
,3F-8541,,화장실,환경미화,기타-환경미화운영사업소-환경미화-0000049,탑승단지>제2터미널지역>본관구역,제2여객터미널A/S,3층,,3F-8541,기계,급수/배수/위생,위생기구/세면기/변기,화장실
,3F-8542,,화장실,환경미화,기타-환경미화운영사업소-환경미화-0000050,탑승단지>제2터미널지역>본관구역,제2여객터미널A/S,3층,,3F-8542,기계,급수/배수/위생,위생기구/세면기/변기,화장실
,3F-5312,,화장실,환경미화,기타-환경미화운영사업소-환경미화-0000051,탑승단지>제2터미널지역>본관구역,제2여객터미널A/S,3층,,3F-5312,기계,급수/배수/위생,위생기구/세면기/변기,화장실
,3F-5311,,화장실,환경미화,기타-환경미화운영사업소-환경미화-0000052,탑승단지>제2터미널지역>본관구역,제2여객터미널A/S,3층,,3F-5311,기계,급수/배수/위생,위생기구/세면기/변기,화장실
,3F-5409,,화장실,환경미화,기타-환경미화운영사업소-환경미화-0000053,탑승단지>제2터미널지역>본관구역,제2여객터미널A/S,3층,,3F-5409,기계,급수/배수/위생,위생기구/세면기/변기,화장실
,3F-5410,,화장실,환경미화,기타-환경미화운영사업소-환경미화-0000054,탑승단지>제2터미널지역>본관구역,제2여객터미널A/S,3층,,3F-5410,기계,급수/배수/위생,위생기구/세면기/변기,화장실
,3F-5507,,화장실,환경미화,기타-환경미화운영사업소-환경미화-0000055,탑승단지>제2터미널지역>본관구역,제2여객터미널A/S,3층,,3F-5507,기계,급수/배수/위생,위생기구/세면기/변기,화장실
,3F-5508,,화장실,환경미화,기타-환경미화운영사업소-환경미화-0000056,탑승단지>제2터미널지역>본관구역,제2여객터미널A/S,3층,,3F-5508,기계,급수/배수/위생,위생기구/세면기/변기,화장실
,4F-2927,,화장실,환경미화,기타-환경미화운영사업소-환경미화-0000057,탑승단지>제2터미널지역>본관구역,제2여객터미널A/S,4층,,4F-2927,기계,급수/배수/위생,위생기구/세면기/변기,화장실
,4F-2926,,화장실,환경미화,기타-환경미화운영사업소-환경미화-0000058,탑승단지>제2터미널지역>본관구역,제2여객터미널A/S,4층,,4F-2926,기계,급수/배수/위생,위생기구/세면기/변기,화장실
,4F-4103,,화장실,환경미화,기타-환경미화운영사업소-환경미화-0000059,탑승단지>제2터미널지역>본관구역,제2여객터미널A/S,4층,,4F-4103,기계,급수/배수/위생,위생기구/세면기/변기,화장실
,4F-4102,,화장실,환경미화,기타-환경미화운영사업소-환경미화-0000060,탑승단지>제2터미널지역>본관구역,제2여객터미널A/S,4층,,4F-4102,기계,급수/배수/위생,위생기구/세면기/변기,화장실
,4F-3125,,화장실,환경미화,기타-환경미화운영사업소-환경미화-0000061,탑승단지>제2터미널지역>본관구역,제2여객터미널A/S,4층,,4F-3125,기계,급수/배수/위생,위생기구/세면기/변기,화장실
,4F-3126,,화장실,환경미화,기타-환경미화운영사업소-환경미화-0000062,탑승단지>제2터미널지역>본관구역,제2여객터미널A/S,4층,,4F-3126,기계,급수/배수/위생,위생기구/세면기/변기,화장실
,4F-5103,,화장실,환경미화,기타-환경미화운영사업소-환경미화-0000063,탑승단지>제2터미널지역>본관구역,제2여객터미널A/S,4층,,4F-5103,기계,급수/배수/위생,위생기구/세면기/변기,화장실
,4F-5102,,화장실,환경미화,기타-환경미화운영사업소-환경미화-0000064,탑승단지>제2터미널지역>본관구역,제2여객터미널A/S,4층,,4F-5102,기계,급수/배수/위생,위생기구/세면기/변기,화장실
,1-7-13 여(장),,화장실,환경미화,기타-환경미화운영사업소-환경미화-0000065,탑승단지>제1터미널>교통센터구역,제1교통센터,1층,,1-7-13 여(장),기계,급수/배수/위생,위생기구/세면기/변기,화장실
,1-11-9 남,,화장실,환경미화,기타-환경미화운영사업소-환경미화-0000066,탑승단지>제1터미널>교통센터구역,제1교통센터,1층,,1-11-9 남,기계,급수/배수/위생,위생기구/세면기/변기,화장실
,1-10-8 여,,화장실,환경미화,기타-환경미화운영사업소-환경미화-0000067,탑승단지>제1터미널>교통센터구역,제1교통센터,1층,,1-10-8 여,기계,급수/배수/위생,위생기구/세면기/변기,화장실
,1-10-9 여(장),,화장실,환경미화,기타-환경미화운영사업소-환경미화-0000068,탑승단지>제1터미널>교통센터구역,제1교통센터,1층,,1-10-9 여(장),기계,급수/배수/위생,위생기구/세면기/변기,화장실
,B2-5-15 남,,화장실,환경미화,기타-환경미화운영사업소-환경미화-0000069,탑승단지>제1터미널>교통센터구역,제1교통센터,지하2층,,B2-5-15 남,기계,급수/배수/위생,위생기구/세면기/변기,화장실
,B2-5-14 여,,화장실,환경미화,기타-환경미화운영사업소-환경미화-0000070,탑승단지>제1터미널>교통센터구역,제1교통센터,지하2층,,B2-5-14 여,기계,급수/배수/위생,위생기구/세면기/변기,화장실
,B2-5-16 장,,화장실,환경미화,기타-환경미화운영사업소-환경미화-0000071,탑승단지>제1터미널>교통센터구역,제1교통센터,지하2층,,B2-5-16 장,기계,급수/배수/위생,위생기구/세면기/변기,화장실
,B2-7-13 남,,화장실,환경미화,기타-환경미화운영사업소-환경미화-0000072,탑승단지>제1터미널>교통센터구역,제1교통센터,지하2층,,B2-7-13 남,기계,급수/배수/위생,위생기구/세면기/변기,화장실
,3F-5203,,화장실,환경미화,기타-환경미화운영사업소-환경미화-0000073,탑승단지>제2터미널지역>본관구역,제2여객터미널A/S,3층,,3F-5203,기계,급수/배수/위생,위생기구/세면기/변기,화장실
,3F-5204,,화장실,환경미화,기타-환경미화운영사업소-환경미화-0000074,탑승단지>제2터미널지역>본관구역,제2여객터미널A/S,3층,,3F-5204,기계,급수/배수/위생,위생기구/세면기/변기,화장실
,3F-8641,,화장실,환경미화,기타-환경미화운영사업소-환경미화-0000075,탑승단지>제2터미널지역>본관구역,제2여객터미널A/S,3층,,3F-8641,기계,급수/배수/위생,위생기구/세면기/변기,화장실
,3F-8642,,화장실,환경미화,기타-환경미화운영사업소-환경미화-0000076,탑승단지>제2터미널지역>본관구역,제2여객터미널A/S,3층,,3F-8642,기계,급수/배수/위생,위생기구/세면기/변기,화장실
,3F-8741,,화장실,환경미화,기타-환경미화운영사업소-환경미화-0000077,탑승단지>제2터미널지역>본관구역,제2여객터미널A/S,3층,,3F-8741,기계,급수/배수/위생,위생기구/세면기/변기,화장실
,3F-8742,,화장실,환경미화,기타-환경미화운영사업소-환경미화-0000078,탑승단지>제2터미널지역>본관구역,제2여객터미널A/S,3층,,3F-8742,기계,급수/배수/위생,위생기구/세면기/변기,화장실
,3F-9541,,화장실,환경미화,기타-환경미화운영사업소-환경미화-0000079,탑승단지>제2터미널지역>본관구역,제2여객터미널A/S,3층,,3F-9541,기계,급수/배수/위생,위생기구/세면기/변기,화장실
,3F-9542,,화장실,환경미화,기타-환경미화운영사업소-환경미화-0000080,탑승단지>제2터미널지역>본관구역,제2여객터미널A/S,3층,,3F-9542,기계,급수/배수/위생,위생기구/세면기/변기,화장실
,3F-9641,,화장실,환경미화,기타-환경미화운영사업소-환경미화-0000081,탑승단지>제2터미널지역>본관구역,제2여객터미널A/S,3층,,3F-9641,기계,급수/배수/위생,위생기구/세면기/변기,화장실
,3F-9642,,화장실,환경미화,기타-환경미화운영사업소-환경미화-0000082,탑승단지>제2터미널지역>본관구역,제2여객터미널A/S,3층,,3F-9642,기계,급수/배수/위생,위생기구/세면기/변기,화장실
,3F-9841,,화장실,환경미화,기타-환경미화운영사업소-환경미화-0000083,탑승단지>제2터미널지역>본관구역,제2여객터미널A/S,3층,,3F-9841,기계,급수/배수/위생,위생기구/세면기/변기,화장실
,3F-9842,,화장실,환경미화,기타-환경미화운영사업소-환경미화-0000084,탑승단지>제2터미널지역>본관구역,제2여객터미널A/S,3층,,3F-9842,기계,급수/배수/위생,위생기구/세면기/변기,화장실
,3F-9847,,화장실,환경미화,기타-환경미화운영사업소-환경미화-0000085,탑승단지>제2터미널지역>본관구역,제2여객터미널A/S,3층,,3F-9847,기계,급수/배수/위생,위생기구/세면기/변기,화장실
,3F-9848,,화장실,환경미화,기타-환경미화운영사업소-환경미화-0000086,탑승단지>제2터미널지역>본관구역,제2여객터미널A/S,3층,,3F-9848,기계,급수/배수/위생,위생기구/세면기/변기,화장실
,3F-3119,,화장실,환경미화,기타-환경미화운영사업소-환경미화-0000087,탑승단지>제2터미널지역>본관구역,제2여객터미널A/S,3층,,3F-3119,기계,급수/배수/위생,위생기구/세면기/변기,화장실
,3F-3120,,화장실,환경미화,기타-환경미화운영사업소-환경미화-0000088,탑승단지>제2터미널지역>본관구역,제2여객터미널A/S,3층,,3F-3120,기계,급수/배수/위생,위생기구/세면기/변기,화장실
,3F-3151,,화장실,환경미화,기타-환경미화운영사업소-환경미화-0000089,탑승단지>제2터미널지역>본관구역,제2여객터미널A/S,3층,,3F-3151,기계,급수/배수/위생,위생기구/세면기/변기,화장실
,3F-3139,,화장실,환경미화,기타-환경미화운영사업소-환경미화-0000090,탑승단지>제2터미널지역>본관구역,제2여객터미널A/S,3층,,3F-3139,기계,급수/배수/위생,위생기구/세면기/변기,화장실
,3F-3138,,화장실,환경미화,기타-환경미화운영사업소-환경미화-0000091,탑승단지>제2터미널지역>본관구역,제2여객터미널A/S,3층,,3F-3138,기계,급수/배수/위생,위생기구/세면기/변기,화장실
,3F-3402,,화장실,환경미화,기타-환경미화운영사업소-환경미화-0000092,탑승단지>제2터미널지역>본관구역,제2여객터미널A/S,3층,,3F-3402,기계,급수/배수/위생,위생기구/세면기/변기,화장실
,3F-3403,,화장실,환경미화,기타-환경미화운영사업소-환경미화-0000093,탑승단지>제2터미널지역>본관구역,제2여객터미널A/S,3층,,3F-3403,기계,급수/배수/위생,위생기구/세면기/변기,화장실
,-,,화장실,환경미화,기타-환경미화운영사업소-환경미화-0000094,탑승단지>제2터미널지역>본관구역,제2여객터미널A/S,3층,,-,기계,급수/배수/위생,위생기구/세면기/변기,화장실
,3F-3905,,화장실,환경미화,기타-환경미화운영사업소-환경미화-0000095,탑승단지>제2터미널지역>본관구역,제2여객터미널A/S,3층,,3F-3905,기계,급수/배수/위생,위생기구/세면기/변기,화장실
,3F-3904,,화장실,환경미화,기타-환경미화운영사업소-환경미화-0000096,탑승단지>제2터미널지역>본관구역,제2여객터미널A/S,3층,,3F-3904,기계,급수/배수/위생,위생기구/세면기/변기,화장실
,1-7-11 남,,화장실,환경미화,기타-환경미화운영사업소-환경미화-0000097,탑승단지>제1터미널>교통센터구역,제1교통센터,1층,,1-7-11 남,기계,급수/배수/위생,위생기구/세면기/변기,화장실
,1-6-14 여(장),,화장실,환경미화,기타-환경미화운영사업소-환경미화-0000098,탑승단지>제1터미널>교통센터구역,제1교통센터,1층,,1-6-14 여(장),기계,급수/배수/위생,위생기구/세면기/변기,화장실
,1-6-13 여,,화장실,환경미화,기타-환경미화운영사업소-환경미화-0000099,탑승단지>제1터미널>교통센터구역,제1교통센터,1층,,1-6-13 여,기계,급수/배수/위생,위생기구/세면기/변기,화장실
,2F-9341,,화장실,환경미화,기타-환경미화운영사업소-환경미화-0000100,탑승단지>제2터미널지역>본관구역,제2여객터미널A/S,2층,,2F-9341,기계,급수/배수/위생,위생기구/세면기/변기,화장실
,2F-9342,,화장실,환경미화,기타-환경미화운영사업소-환경미화-0000101,탑승단지>제2터미널지역>본관구역,제2여객터미널A/S,2층,,2F-9342,기계,급수/배수/위생,위생기구/세면기/변기,화장실
,-,,화장실,환경미화,기타-환경미화운영사업소-환경미화-0000102,탑승단지>제2터미널지역>본관구역,제2여객터미널A/S,2층,,-,기계,급수/배수/위생,위생기구/세면기/변기,화장실
,2F-1341,,화장실,환경미화,기타-환경미화운영사업소-환경미화-0000103,탑승단지>제2터미널지역>본관구역,제2여객터미널A/S,2층,,2F-1341,기계,급수/배수/위생,위생기구/세면기/변기,화장실
,2F-1342,,화장실,환경미화,기타-환경미화운영사업소-환경미화-0000104,탑승단지>제2터미널지역>본관구역,제2여객터미널A/S,2층,,2F-1342,기계,급수/배수/위생,위생기구/세면기/변기,화장실
,2F-1347,,화장실,환경미화,기타-환경미화운영사업소-환경미화-0000105,탑승단지>제2터미널지역>본관구역,제2여객터미널A/S,2층,,2F-1347,기계,급수/배수/위생,위생기구/세면기/변기,화장실
,2F-3541,,화장실,환경미화,기타-환경미화운영사업소-환경미화-0000106,탑승단지>제2터미널지역>본관구역,제2여객터미널A/S,2층,,2F-3541,기계,급수/배수/위생,위생기구/세면기/변기,화장실
,2F-3542,,화장실,환경미화,기타-환경미화운영사업소-환경미화-0000107,탑승단지>제2터미널지역>본관구역,제2여객터미널A/S,2층,,2F-3542,기계,급수/배수/위생,위생기구/세면기/변기,화장실
,2F-3547,,화장실,환경미화,기타-환경미화운영사업소-환경미화-0000108,탑승단지>제2터미널지역>본관구역,제2여객터미널A/S,2층,,2F-3547,기계,급수/배수/위생,위생기구/세면기/변기,화장실
,2F-3548,,화장실,환경미화,기타-환경미화운영사업소-환경미화-0000109,탑승단지>제2터미널지역>본관구역,제2여객터미널A/S,2층,,2F-3548,기계,급수/배수/위생,위생기구/세면기/변기,화장실
,2F-3641,,화장실,환경미화,기타-환경미화운영사업소-환경미화-0000110,탑승단지>제2터미널지역>본관구역,제2여객터미널A/S,2층,,2F-3641,기계,급수/배수/위생,위생기구/세면기/변기,화장실
,2F-3642,,화장실,환경미화,기타-환경미화운영사업소-환경미화-0000111,탑승단지>제2터미널지역>본관구역,제2여객터미널A/S,2층,,2F-3642,기계,급수/배수/위생,위생기구/세면기/변기,화장실
,2F-5441,,화장실,환경미화,기타-환경미화운영사업소-환경미화-0000112,탑승단지>제2터미널지역>본관구역,제2여객터미널A/S,2층,,2F-5441,기계,급수/배수/위생,위생기구/세면기/변기,화장실
,2F-5442,,화장실,환경미화,기타-환경미화운영사업소-환경미화-0000113,탑승단지>제2터미널지역>본관구역,제2여객터미널A/S,2층,,2F-5442,기계,급수/배수/위생,위생기구/세면기/변기,화장실
,2F-5443,,화장실,환경미화,기타-환경미화운영사업소-환경미화-0000114,탑승단지>제2터미널지역>본관구역,제2여객터미널A/S,2층,,2F-5443,기계,급수/배수/위생,위생기구/세면기/변기,화장실
,2F-5444,,화장실,환경미화,기타-환경미화운영사업소-환경미화-0000115,탑승단지>제2터미널지역>본관구역,제2여객터미널A/S,2층,,2F-5444,기계,급수/배수/위생,위생기구/세면기/변기,화장실
,2F-8309,,화장실,환경미화,기타-환경미화운영사업소-환경미화-0000116,탑승단지>제2터미널지역>본관구역,제2여객터미널A/S,2층,,2F-8309,기계,급수/배수/위생,위생기구/세면기/변기,화장실
,2F-8303,,화장실,환경미화,기타-환경미화운영사업소-환경미화-0000117,탑승단지>제2터미널지역>본관구역,제2여객터미널A/S,2층,,2F-8303,기계,급수/배수/위생,위생기구/세면기/변기,화장실
,2F-8441,,화장실,환경미화,기타-환경미화운영사업소-환경미화-0000118,탑승단지>제2터미널지역>본관구역,제2여객터미널A/S,2층,,2F-8441,기계,급수/배수/위생,위생기구/세면기/변기,화장실
,2F-8342,,화장실,환경미화,기타-환경미화운영사업소-환경미화-0000119,탑승단지>제2터미널지역>본관구역,제2여객터미널A/S,2층,,2F-8342,기계,급수/배수/위생,위생기구/세면기/변기,화장실
,2F-8547,,화장실,환경미화,기타-환경미화운영사업소-환경미화-0000120,탑승단지>제2터미널지역>본관구역,제2여객터미널A/S,2층,,2F-8547,기계,급수/배수/위생,위생기구/세면기/변기,화장실
,2F-8548,,화장실,환경미화,기타-환경미화운영사업소-환경미화-0000121,탑승단지>제2터미널지역>본관구역,제2여객터미널A/S,2층,,2F-8548,기계,급수/배수/위생,위생기구/세면기/변기,화장실
,2F-9242,,화장실,환경미화,기타-환경미화운영사업소-환경미화-0000122,탑승단지>제2터미널지역>본관구역,제2여객터미널A/S,2층,,2F-9242,기계,급수/배수/위생,위생기구/세면기/변기,화장실
,2F-9241,,화장실,환경미화,기타-환경미화운영사업소-환경미화-0000123,탑승단지>제2터미널지역>본관구역,제2여객터미널A/S,2층,,2F-9241,기계,급수/배수/위생,위생기구/세면기/변기,화장실
,2F-2554,,화장실,환경미화,기타-환경미화운영사업소-환경미화-0000124,탑승단지>제2터미널지역>본관구역,제2여객터미널A/S,2층,,2F-2554,기계,급수/배수/위생,위생기구/세면기/변기,화장실
,2F-2555,,화장실,환경미화,기타-환경미화운영사업소-환경미화-0000125,탑승단지>제2터미널지역>본관구역,제2여객터미널A/S,2층,,2F-2555,기계,급수/배수/위생,위생기구/세면기/변기,화장실
,2F-2942,,화장실,환경미화,기타-환경미화운영사업소-환경미화-0000126,탑승단지>제2터미널지역>본관구역,제2여객터미널A/S,2층,,2F-2942,기계,급수/배수/위생,위생기구/세면기/변기,화장실
,2F-2942,,화장실,환경미화,기타-환경미화운영사업소-환경미화-0000127,탑승단지>제2터미널지역>본관구역,제2여객터미널A/S,2층,,2F-2942,기계,급수/배수/위생,위생기구/세면기/변기,화장실
,2F-7309,,화장실,환경미화,기타-환경미화운영사업소-환경미화-0000128,탑승단지>제2터미널지역>본관구역,제2여객터미널A/S,2층,,2F-7309,기계,급수/배수/위생,위생기구/세면기/변기,화장실
,2F-7303,,화장실,환경미화,기타-환경미화운영사업소-환경미화-0000129,탑승단지>제2터미널지역>본관구역,제2여객터미널A/S,2층,,2F-7303,기계,급수/배수/위생,위생기구/세면기/변기,화장실
,2F-7441,,화장실,환경미화,기타-환경미화운영사업소-환경미화-0000130,탑승단지>제2터미널지역>본관구역,제2여객터미널A/S,2층,,2F-7441,기계,급수/배수/위생,위생기구/세면기/변기,화장실
,2F-7342,,화장실,환경미화,기타-환경미화운영사업소-환경미화-0000131,탑승단지>제2터미널지역>본관구역,제2여객터미널A/S,2층,,2F-7342,기계,급수/배수/위생,위생기구/세면기/변기,화장실
,2F-7547,,화장실,환경미화,기타-환경미화운영사업소-환경미화-0000132,탑승단지>제2터미널지역>본관구역,제2여객터미널A/S,2층,,2F-7547,기계,급수/배수/위생,위생기구/세면기/변기,화장실
,2F-7548,,화장실,환경미화,기타-환경미화운영사업소-환경미화-0000133,탑승단지>제2터미널지역>본관구역,제2여객터미널A/S,2층,,2F-7548,기계,급수/배수/위생,위생기구/세면기/변기,화장실
,2F-7641,,화장실,환경미화,기타-환경미화운영사업소-환경미화-0000134,탑승단지>제2터미널지역>본관구역,제2여객터미널A/S,2층,,2F-7641,기계,급수/배수/위생,위생기구/세면기/변기,화장실
,2F-7542,,화장실,환경미화,기타-환경미화운영사업소-환경미화-0000135,탑승단지>제2터미널지역>본관구역,제2여객터미널A/S,2층,,2F-7542,기계,급수/배수/위생,위생기구/세면기/변기,화장실
,2F-7647,,화장실,환경미화,기타-환경미화운영사업소-환경미화-0000136,탑승단지>제2터미널지역>본관구역,제2여객터미널A/S,2층,,2F-7647,기계,급수/배수/위생,위생기구/세면기/변기,화장실
,2F-7648,,화장실,환경미화,기타-환경미화운영사업소-환경미화-0000137,탑승단지>제2터미널지역>본관구역,제2여객터미널A/S,2층,,2F-7648,기계,급수/배수/위생,위생기구/세면기/변기,화장실
,2F-7651,,화장실,환경미화,기타-환경미화운영사업소-환경미화-0000138,탑승단지>제2터미널지역>본관구역,제2여객터미널A/S,2층,,2F-7651,기계,급수/배수/위생,위생기구/세면기/변기,화장실
,2F-7652,,화장실,환경미화,기타-환경미화운영사업소-환경미화-0000139,탑승단지>제2터미널지역>본관구역,제2여객터미널A/S,2층,,2F-7652,기계,급수/배수/위생,위생기구/세면기/변기,화장실
,2F-7741,,화장실,환경미화,기타-환경미화운영사업소-환경미화-0000140,탑승단지>제2터미널지역>본관구역,제2여객터미널A/S,2층,,2F-7741,기계,급수/배수/위생,위생기구/세면기/변기,화장실
,2F-7742,,화장실,환경미화,기타-환경미화운영사업소-환경미화-0000141,탑승단지>제2터미널지역>본관구역,제2여객터미널A/S,2층,,2F-7742,기계,급수/배수/위생,위생기구/세면기/변기,화장실
,2F-9041,,화장실,환경미화,기타-환경미화운영사업소-환경미화-0000142,탑승단지>제2터미널지역>본관구역,제2여객터미널A/S,2층,,2F-9041,기계,급수/배수/위생,위생기구/세면기/변기,화장실
,2F-9042,,화장실,환경미화,기타-환경미화운영사업소-환경미화-0000143,탑승단지>제2터미널지역>본관구역,제2여객터미널A/S,2층,,2F-9042,기계,급수/배수/위생,위생기구/세면기/변기,화장실
,2F-9141,,화장실,환경미화,기타-환경미화운영사업소-환경미화-0000144,탑승단지>제2터미널지역>본관구역,제2여객터미널A/S,2층,,2F-9141,기계,급수/배수/위생,위생기구/세면기/변기,화장실
,2F-9142,,화장실,환경미화,기타-환경미화운영사업소-환경미화-0000145,탑승단지>제2터미널지역>본관구역,제2여객터미널A/S,2층,,2F-9142,기계,급수/배수/위생,위생기구/세면기/변기,화장실
,2F-8542,,화장실,환경미화,기타-환경미화운영사업소-환경미화-0000146,탑승단지>제2터미널지역>본관구역,제2여객터미널A/S,2층,,2F-8542,기계,급수/배수/위생,위생기구/세면기/변기,화장실
,2F-8641,,화장실,환경미화,기타-환경미화운영사업소-환경미화-0000147,탑승단지>제2터미널지역>본관구역,제2여객터미널A/S,2층,,2F-8641,기계,급수/배수/위생,위생기구/세면기/변기,화장실
,2F-8647,,화장실,환경미화,기타-환경미화운영사업소-환경미화-0000148,탑승단지>제2터미널지역>본관구역,제2여객터미널A/S,2층,,2F-8647,기계,급수/배수/위생,위생기구/세면기/변기,화장실
,2F-5503,,화장실,환경미화,기타-환경미화운영사업소-환경미화-0000149,탑승단지>제2터미널지역>본관구역,제2여객터미널A/S,2층,,2F-5503,기계,급수/배수/위생,위생기구/세면기/변기,화장실
,2F-5502,,화장실,환경미화,기타-환경미화운영사업소-환경미화-0000150,탑승단지>제2터미널지역>본관구역,제2여객터미널A/S,2층,,2F-5502,기계,급수/배수/위생,위생기구/세면기/변기,화장실
,2F-5606,,화장실,환경미화,기타-환경미화운영사업소-환경미화-0000151,탑승단지>제2터미널지역>본관구역,제2여객터미널A/S,2층,,2F-5606,기계,급수/배수/위생,위생기구/세면기/변기,화장실
,2F-5607,,화장실,환경미화,기타-환경미화운영사업소-환경미화-0000152,탑승단지>제2터미널지역>본관구역,제2여객터미널A/S,2층,,2F-5607,기계,급수/배수/위생,위생기구/세면기/변기,화장실
,2F-3217,,화장실,환경미화,기타-환경미화운영사업소-환경미화-0000153,탑승단지>제2터미널지역>본관구역,제2여객터미널A/S,2층,,2F-3217,기계,급수/배수/위생,위생기구/세면기/변기,화장실
,2F-3215,,화장실,환경미화,기타-환경미화운영사업소-환경미화-0000154,탑승단지>제2터미널지역>본관구역,제2여객터미널A/S,2층,,2F-3215,기계,급수/배수/위생,위생기구/세면기/변기,화장실
,2F-3210,,화장실,환경미화,기타-환경미화운영사업소-환경미화-0000155,탑승단지>제2터미널지역>본관구역,제2여객터미널A/S,2층,,2F-3210,기계,급수/배수/위생,위생기구/세면기/변기,화장실
,2F-3207,,화장실,환경미화,기타-환경미화운영사업소-환경미화-0000156,탑승단지>제2터미널지역>본관구역,제2여객터미널A/S,2층,,2F-3207,기계,급수/배수/위생,위생기구/세면기/변기,화장실
,2F-3208,,화장실,환경미화,기타-환경미화운영사업소-환경미화-0000157,탑승단지>제2터미널지역>본관구역,제2여객터미널A/S,2층,,2F-3208,기계,급수/배수/위생,위생기구/세면기/변기,화장실
,2F-3261,,화장실,환경미화,기타-환경미화운영사업소-환경미화-0000158,탑승단지>제2터미널지역>본관구역,제2여객터미널A/S,2층,,2F-3261,기계,급수/배수/위생,위생기구/세면기/변기,화장실
,2F-3262,,화장실,환경미화,기타-환경미화운영사업소-환경미화-0000159,탑승단지>제2터미널지역>본관구역,제2여객터미널A/S,2층,,2F-3262,기계,급수/배수/위생,위생기구/세면기/변기,화장실
,3F-2935,,화장실,환경미화,기타-환경미화운영사업소-환경미화-0000160,탑승단지>제2터미널지역>본관구역,제2여객터미널A/S,3층,,3F-2935,기계,급수/배수/위생,위생기구/세면기/변기,화장실
,3F-2936,,화장실,환경미화,기타-환경미화운영사업소-환경미화-0000161,탑승단지>제2터미널지역>본관구역,제2여객터미널A/S,3층,,3F-2936,기계,급수/배수/위생,위생기구/세면기/변기,화장실
,3F-2904,,화장실,환경미화,기타-환경미화운영사업소-환경미화-0000162,탑승단지>제2터미널지역>본관구역,제2여객터미널A/S,3층,,3F-2904,기계,급수/배수/위생,위생기구/세면기/변기,화장실
,3F-2916,,화장실,환경미화,기타-환경미화운영사업소-환경미화-0000163,탑승단지>제2터미널지역>본관구역,제2여객터미널A/S,3층,,3F-2916,기계,급수/배수/위생,위생기구/세면기/변기,화장실
,3F-2917,,화장실,환경미화,기타-환경미화운영사업소-환경미화-0000164,탑승단지>제2터미널지역>본관구역,제2여객터미널A/S,3층,,3F-2917,기계,급수/배수/위생,위생기구/세면기/변기,화장실
,3F-2622,,화장실,환경미화,기타-환경미화운영사업소-환경미화-0000165,탑승단지>제2터미널지역>본관구역,제2여객터미널A/S,3층,,3F-2622,기계,급수/배수/위생,위생기구/세면기/변기,화장실
,3F-2623,,화장실,환경미화,기타-환경미화운영사업소-환경미화-0000166,탑승단지>제2터미널지역>본관구역,제2여객터미널A/S,3층,,3F-2623,기계,급수/배수/위생,위생기구/세면기/변기,화장실
,-,,화장실,환경미화,기타-환경미화운영사업소-환경미화-0000167,탑승단지>제2터미널지역>본관구역,제2여객터미널A/S,3층,,-,기계,급수/배수/위생,위생기구/세면기/변기,화장실
,3F-2405,,화장실,환경미화,기타-환경미화운영사업소-환경미화-0000168,탑승단지>제2터미널지역>본관구역,제2여객터미널A/S,3층,,3F-2405,기계,급수/배수/위생,위생기구/세면기/변기,화장실
,3F-2404,,화장실,환경미화,기타-환경미화운영사업소-환경미화-0000169,탑승단지>제2터미널지역>본관구역,제2여객터미널A/S,3층,,3F-2404,기계,급수/배수/위생,위생기구/세면기/변기,화장실
,1-6-12 남,,화장실,환경미화,기타-환경미화운영사업소-환경미화-0000170,탑승단지>제1터미널>교통센터구역,제1교통센터,1층,,1-6-12 남,기계,급수/배수/위생,위생기구/세면기/변기,화장실
,2F-5403,,화장실,환경미화,기타-환경미화운영사업소-환경미화-0000171,탑승단지>제2터미널지역>본관구역,제2여객터미널A/S,2층,,2F-5403,기계,급수/배수/위생,위생기구/세면기/변기,화장실
,2F-5402,,화장실,환경미화,기타-환경미화운영사업소-환경미화-0000172,탑승단지>제2터미널지역>본관구역,제2여객터미널A/S,2층,,2F-5402,기계,급수/배수/위생,위생기구/세면기/변기,화장실
,2F-8648,,화장실,환경미화,기타-환경미화운영사업소-환경미화-0000173,탑승단지>제2터미널지역>본관구역,제2여객터미널A/S,2층,,2F-8648,기계,급수/배수/위생,위생기구/세면기/변기,화장실
,2F-8651,,화장실,환경미화,기타-환경미화운영사업소-환경미화-0000174,탑승단지>제2터미널지역>본관구역,제2여객터미널A/S,2층,,2F-8651,기계,급수/배수/위생,위생기구/세면기/변기,화장실
,2F-8652,,화장실,환경미화,기타-환경미화운영사업소-환경미화-0000175,탑승단지>제2터미널지역>본관구역,제2여객터미널A/S,2층,,2F-8652,기계,급수/배수/위생,위생기구/세면기/변기,화장실
,2F-8741,,화장실,환경미화,기타-환경미화운영사업소-환경미화-0000176,탑승단지>제2터미널지역>본관구역,제2여객터미널A/S,2층,,2F-8741,기계,급수/배수/위생,위생기구/세면기/변기,화장실
,2F-8742,,화장실,환경미화,기타-환경미화운영사업소-환경미화-0000177,탑승단지>제2터미널지역>본관구역,제2여객터미널A/S,2층,,2F-8742,기계,급수/배수/위생,위생기구/세면기/변기,화장실
,2F-9541,,화장실,환경미화,기타-환경미화운영사업소-환경미화-0000178,탑승단지>제2터미널지역>본관구역,제2여객터미널A/S,2층,,2F-9541,기계,급수/배수/위생,위생기구/세면기/변기,화장실
,2F-9542,,화장실,환경미화,기타-환경미화운영사업소-환경미화-0000179,탑승단지>제2터미널지역>본관구역,제2여객터미널A/S,2층,,2F-9542,기계,급수/배수/위생,위생기구/세면기/변기,화장실
,2F-9641,,화장실,환경미화,기타-환경미화운영사업소-환경미화-0000180,탑승단지>제2터미널지역>본관구역,제2여객터미널A/S,2층,,2F-9641,기계,급수/배수/위생,위생기구/세면기/변기,화장실
,2F-9642,,화장실,환경미화,기타-환경미화운영사업소-환경미화-0000181,탑승단지>제2터미널지역>본관구역,제2여객터미널A/S,2층,,2F-9642,기계,급수/배수/위생,위생기구/세면기/변기,화장실
,2F-9741,,화장실,환경미화,기타-환경미화운영사업소-환경미화-0000182,탑승단지>제2터미널지역>본관구역,제2여객터미널A/S,2층,,2F-9741,기계,급수/배수/위생,위생기구/세면기/변기,화장실
,2F-9742,,화장실,환경미화,기타-환경미화운영사업소-환경미화-0000183,탑승단지>제2터미널지역>본관구역,제2여객터미널A/S,2층,,2F-9742,기계,급수/배수/위생,위생기구/세면기/변기,화장실
,2F-9841,,화장실,환경미화,기타-환경미화운영사업소-환경미화-0000184,탑승단지>제2터미널지역>본관구역,제2여객터미널A/S,2층,,2F-9841,기계,급수/배수/위생,위생기구/세면기/변기,화장실
,2F-9842,,화장실,환경미화,기타-환경미화운영사업소-환경미화-0000185,탑승단지>제2터미널지역>본관구역,제2여객터미널A/S,2층,,2F-9842,기계,급수/배수/위생,위생기구/세면기/변기,화장실
,2F-3007,,화장실,환경미화,기타-환경미화운영사업소-환경미화-0000186,탑승단지>제2터미널지역>본관구역,제2여객터미널A/S,2층,,2F-3007,기계,급수/배수/위생,위생기구/세면기/변기,화장실
,2F-3233,,화장실,환경미화,기타-환경미화운영사업소-환경미화-0000187,탑승단지>제2터미널지역>본관구역,제2여객터미널A/S,2층,,2F-3233,기계,급수/배수/위생,위생기구/세면기/변기,화장실
,2F-3232,,화장실,환경미화,기타-환경미화운영사업소-환경미화-0000188,탑승단지>제2터미널지역>본관구역,제2여객터미널A/S,2층,,2F-3232,기계,급수/배수/위생,위생기구/세면기/변기,화장실
,2F-3241,,화장실,환경미화,기타-환경미화운영사업소-환경미화-0000189,탑승단지>제2터미널지역>본관구역,제2여객터미널A/S,2층,,2F-3241,기계,급수/배수/위생,위생기구/세면기/변기,화장실
,2F-3242,,화장실,환경미화,기타-환경미화운영사업소-환경미화-0000190,탑승단지>제2터미널지역>본관구역,제2여객터미널A/S,2층,,2F-3242,기계,급수/배수/위생,위생기구/세면기/변기,화장실
,2F-3804,,화장실,환경미화,기타-환경미화운영사업소-환경미화-0000191,탑승단지>제2터미널지역>본관구역,제2여객터미널A/S,2층,,2F-3804,기계,급수/배수/위생,위생기구/세면기/변기,화장실
,2F-3803,,화장실,환경미화,기타-환경미화운영사업소-환경미화-0000192,탑승단지>제2터미널지역>본관구역,제2여객터미널A/S,2층,,2F-3803,기계,급수/배수/위생,위생기구/세면기/변기,화장실
,2F-5208,,화장실,환경미화,기타-환경미화운영사업소-환경미화-0000193,탑승단지>제2터미널지역>본관구역,제2여객터미널A/S,2층,,2F-5208,기계,급수/배수/위생,위생기구/세면기/변기,화장실
,2F-5209,,화장실,환경미화,기타-환경미화운영사업소-환경미화-0000194,탑승단지>제2터미널지역>본관구역,제2여객터미널A/S,2층,,2F-5209,기계,급수/배수/위생,위생기구/세면기/변기,화장실
,B2-7-14 여,,화장실,환경미화,기타-환경미화운영사업소-환경미화-0000195,탑승단지>제1터미널>교통센터구역,제1교통센터,지하2층,,B2-7-14 여,기계,급수/배수/위생,위생기구/세면기/변기,화장실
,B2-7-16 장,,화장실,환경미화,기타-환경미화운영사업소-환경미화-0000196,탑승단지>제1터미널>교통센터구역,제1교통센터,지하2층,,B2-7-16 장,기계,급수/배수/위생,위생기구/세면기/변기,화장실
,B2-8-15 남,,화장실,환경미화,기타-환경미화운영사업소-환경미화-0000197,탑승단지>제1터미널>교통센터구역,제1교통센터,지하2층,,B2-8-15 남,기계,급수/배수/위생,위생기구/세면기/변기,화장실
,R1505,R1505,화장실,환경미화,기타-환경미화운영사업소-환경미화-0000198,,,,,R1505,기계,급수/배수/위생,위생기구/세면기/변기,화장실
,R1506,R1506,화장실,환경미화,기타-환경미화운영사업소-환경미화-0000199,,,,,R1506,기계,급수/배수/위생,위생기구/세면기/변기,화장실
,R1507,R1507,화장실,환경미화,기타-환경미화운영사업소-환경미화-0000200,,,,,R1507,기계,급수/배수/위생,위생기구/세면기/변기,화장실
,R1508,R1508,화장실,환경미화,기타-환경미화운영사업소-환경미화-0000201,,,,,R1508,기계,급수/배수/위생,위생기구/세면기/변기,화장실
,R1509,R1509,화장실,환경미화,기타-환경미화운영사업소-환경미화-0000202,,,,,R1509,기계,급수/배수/위생,위생기구/세면기/변기,화장실
,R1509-1,R1509-1,화장실,환경미화,기타-환경미화운영사업소-환경미화-0000203,,,,,R1509-1,기계,급수/배수/위생,위생기구/세면기/변기,화장실
,R1510,R1510,화장실,환경미화,기타-환경미화운영사업소-환경미화-0000204,,,,,R1510,기계,급수/배수/위생,위생기구/세면기/변기,화장실
,R1510-1,R1510-1,화장실,환경미화,기타-환경미화운영사업소-환경미화-0000205,,,,,R1510-1,기계,급수/배수/위생,위생기구/세면기/변기,화장실
,R1511,R1511,화장실,환경미화,기타-환경미화운영사업소-환경미화-0000206,,,,,R1511,기계,급수/배수/위생,위생기구/세면기/변기,화장실
,R1512,R1512,화장실,환경미화,기타-환경미화운영사업소-환경미화-0000207,,,,,R1512,기계,급수/배수/위생,위생기구/세면기/변기,화장실
,R1513,R1513,화장실,환경미화,기타-환경미화운영사업소-환경미화-0000208,,,,,R1513,기계,급수/배수/위생,위생기구/세면기/변기,화장실
,R1514,R1514,화장실,환경미화,기타-환경미화운영사업소-환경미화-0000209,,,,,R1514,기계,급수/배수/위생,위생기구/세면기/변기,화장실
,R1515,R1515,화장실,환경미화,기타-환경미화운영사업소-환경미화-0000210,,,,,R1515,기계,급수/배수/위생,위생기구/세면기/변기,화장실
,R1516,R1516,화장실,환경미화,기타-환경미화운영사업소-환경미화-0000211,,,,,R1516,기계,급수/배수/위생,위생기구/세면기/변기,화장실
,R1517,R1517,화장실,환경미화,기타-환경미화운영사업소-환경미화-0000212,,,,,R1517,기계,급수/배수/위생,위생기구/세면기/변기,화장실
,R1518,R1518,화장실,환경미화,기타-환경미화운영사업소-환경미화-0000213,,,,,R1518,기계,급수/배수/위생,위생기구/세면기/변기,화장실
,R1519,R1519,화장실,환경미화,기타-환경미화운영사업소-환경미화-0000214,,,,,R1519,기계,급수/배수/위생,위생기구/세면기/변기,화장실
,R1520,R1520,화장실,환경미화,기타-환경미화운영사업소-환경미화-0000215,,,,,R1520,기계,급수/배수/위생,위생기구/세면기/변기,화장실
,R1521,R1521,화장실,환경미화,기타-환경미화운영사업소-환경미화-0000216,,,,,R1521,기계,급수/배수/위생,위생기구/세면기/변기,화장실
,R1522,R1522,화장실,환경미화,기타-환경미화운영사업소-환경미화-0000217,,,,,R1522,기계,급수/배수/위생,위생기구/세면기/변기,화장실
,R1523,R1523,화장실,환경미화,기타-환경미화운영사업소-환경미화-0000218,,,,,R1523,기계,급수/배수/위생,위생기구/세면기/변기,화장실
,R1524,R1524,화장실,환경미화,기타-환경미화운영사업소-환경미화-0000219,,,,,R1524,기계,급수/배수/위생,위생기구/세면기/변기,화장실
,R1504,R1504,화장실,환경미화,기타-환경미화운영사업소-환경미화-0000220,,,,,R1504,기계,급수/배수/위생,위생기구/세면기/변기,화장실
,R1503,R1503,화장실,환경미화,기타-환경미화운영사업소-환경미화-0000221,,,,,R1503,기계,급수/배수/위생,위생기구/세면기/변기,화장실
,RB010,RB010,화장실,환경미화,기타-환경미화운영사업소-환경미화-0000222,,,,,RB010,기계,급수/배수/위생,위생기구/세면기/변기,화장실
,RB007-1,RB007-1,화장실,환경미화,기타-환경미화운영사업소-환경미화-0000223,,,,,RB007-1,기계,급수/배수/위생,위생기구/세면기/변기,화장실
,RB007-2,RB007-2,화장실,환경미화,기타-환경미화운영사업소-환경미화-0000224,,,,,RB007-2,기계,급수/배수/위생,위생기구/세면기/변기,화장실
,RB502,RB502,화장실,환경미화,기타-환경미화운영사업소-환경미화-0000225,,,,,RB502,기계,급수/배수/위생,위생기구/세면기/변기,화장실
,RB501,RB501,화장실,환경미화,기타-환경미화운영사업소-환경미화-0000226,,,,,RB501,기계,급수/배수/위생,위생기구/세면기/변기,화장실
,RB501-1,RB501-1,화장실,환경미화,기타-환경미화운영사업소-환경미화-0000227,,,,,RB501-1,기계,급수/배수/위생,위생기구/세면기/변기,화장실
,RB503-1,RB503-1,화장실,환경미화,기타-환경미화운영사업소-환경미화-0000228,,,,,RB503-1,기계,급수/배수/위생,위생기구/세면기/변기,화장실
,RB503,RB503,화장실,환경미화,기타-환경미화운영사업소-환경미화-0000229,,,,,RB503,기계,급수/배수/위생,위생기구/세면기/변기,화장실
,R1501,R1501,화장실,환경미화,기타-환경미화운영사업소-환경미화-0000230,,,,,R1501,기계,급수/배수/위생,위생기구/세면기/변기,화장실
,R1001,R1001,화장실,환경미화,기타-환경미화운영사업소-환경미화-0000231,,,,,R1001,기계,급수/배수/위생,위생기구/세면기/변기,화장실
,R1002,R1002,화장실,환경미화,기타-환경미화운영사업소-환경미화-0000232,,,,,R1002,기계,급수/배수/위생,위생기구/세면기/변기,화장실
,R1003,R1003,화장실,환경미화,기타-환경미화운영사업소-환경미화-0000233,,,,,R1003,기계,급수/배수/위생,위생기구/세면기/변기,화장실
,R1004,R1004,화장실,환경미화,기타-환경미화운영사업소-환경미화-0000234,,,,,R1004,기계,급수/배수/위생,위생기구/세면기/변기,화장실
,R1005,R1005,화장실,환경미화,기타-환경미화운영사업소-환경미화-0000235,,,,,R1005,기계,급수/배수/위생,위생기구/세면기/변기,화장실
,R1006,R1006,화장실,환경미화,기타-환경미화운영사업소-환경미화-0000236,,,,,R1006,기계,급수/배수/위생,위생기구/세면기/변기,화장실
,R1007,R1007,화장실,환경미화,기타-환경미화운영사업소-환경미화-0000237,,,,,R1007,기계,급수/배수/위생,위생기구/세면기/변기,화장실
,R1008,R1008,화장실,환경미화,기타-환경미화운영사업소-환경미화-0000238,,,,,R1008,기계,급수/배수/위생,위생기구/세면기/변기,화장실
,R1009,R1009,화장실,환경미화,기타-환경미화운영사업소-환경미화-0000239,,,,,R1009,기계,급수/배수/위생,위생기구/세면기/변기,화장실
,R1010,R1010,화장실,환경미화,기타-환경미화운영사업소-환경미화-0000240,,,,,R1010,기계,급수/배수/위생,위생기구/세면기/변기,화장실
,R1011,R1011,화장실,환경미화,기타-환경미화운영사업소-환경미화-0000241,,,,,R1011,기계,급수/배수/위생,위생기구/세면기/변기,화장실
,R1011-1,R1011-1,화장실,환경미화,기타-환경미화운영사업소-환경미화-0000242,,,,,R1011-1,기계,급수/배수/위생,위생기구/세면기/변기,화장실
,R1502,R1502,화장실,환경미화,기타-환경미화운영사업소-환경미화-0000243,,,,,R1502,기계,급수/배수/위생,위생기구/세면기/변기,화장실
,R1524-1,R1524-1,화장실,환경미화,기타-환경미화운영사업소-환경미화-0000244,,,,,R1524-1,기계,급수/배수/위생,위생기구/세면기/변기,화장실
,R1525,R1525,화장실,환경미화,기타-환경미화운영사업소-환경미화-0000245,,,,,R1525,기계,급수/배수/위생,위생기구/세면기/변기,화장실
,R1526,R1526,화장실,환경미화,기타-환경미화운영사업소-환경미화-0000246,,,,,R1526,기계,급수/배수/위생,위생기구/세면기/변기,화장실
,R2511,R2511,화장실,환경미화,기타-환경미화운영사업소-환경미화-0000247,,,,,R2511,기계,급수/배수/위생,위생기구/세면기/변기,화장실
,입국거부자보호실,입국거부자보호실,화장실,환경미화,기타-환경미화운영사업소-환경미화-0000248,,,,,입국거부자보호실,기계,급수/배수/위생,위생기구/세면기/변기,화장실
,R2513,R2513,화장실,환경미화,기타-환경미화운영사업소-환경미화-0000249,,,,,R2513,기계,급수/배수/위생,위생기구/세면기/변기,화장실
,R2514,R2514,화장실,환경미화,기타-환경미화운영사업소-환경미화-0000250,,,,,R2514,기계,급수/배수/위생,위생기구/세면기/변기,화장실
,R2516,R2516,화장실,환경미화,기타-환경미화운영사업소-환경미화-0000251,,,,,R2516,기계,급수/배수/위생,위생기구/세면기/변기,화장실
,R2517,R2517,화장실,환경미화,기타-환경미화운영사업소-환경미화-0000252,,,,,R2517,기계,급수/배수/위생,위생기구/세면기/변기,화장실
,R2518,R2518,화장실,환경미화,기타-환경미화운영사업소-환경미화-0000253,,,,,R2518,기계,급수/배수/위생,위생기구/세면기/변기,화장실
,R2520,R2520,화장실,환경미화,기타-환경미화운영사업소-환경미화-0000254,,,,,R2520,기계,급수/배수/위생,위생기구/세면기/변기,화장실
,R2521,R2521,화장실,환경미화,기타-환경미화운영사업소-환경미화-0000255,,,,,R2521,기계,급수/배수/위생,위생기구/세면기/변기,화장실
,R2522,R2522,화장실,환경미화,기타-환경미화운영사업소-환경미화-0000256,,,,,R2522,기계,급수/배수/위생,위생기구/세면기/변기,화장실
,R2523,R2523,화장실,환경미화,기타-환경미화운영사업소-환경미화-0000257,,,,,R2523,기계,급수/배수/위생,위생기구/세면기/변기,화장실
,난민실,난민실,화장실,환경미화,기타-환경미화운영사업소-환경미화-0000258,,,,,난민실,기계,급수/배수/위생,위생기구/세면기/변기,화장실
,재심실,재심실,화장실,환경미화,기타-환경미화운영사업소-환경미화-0000259,,,,,재심실,기계,급수/배수/위생,위생기구/세면기/변기,화장실
,R2507-1,R2507-1,화장실,환경미화,기타-환경미화운영사업소-환경미화-0000260,,,,,R2507-1,기계,급수/배수/위생,위생기구/세면기/변기,화장실
,R2508-1,R2508-1,화장실,환경미화,기타-환경미화운영사업소-환경미화-0000261,,,,,R2508-1,기계,급수/배수/위생,위생기구/세면기/변기,화장실
,R2508-2,R2508-2,화장실,환경미화,기타-환경미화운영사업소-환경미화-0000262,,,,,R2508-2,기계,급수/배수/위생,위생기구/세면기/변기,화장실
,R3002,R3002,화장실,환경미화,기타-환경미화운영사업소-환경미화-0000263,,,,,R3002,기계,급수/배수/위생,위생기구/세면기/변기,화장실
,R3003,R3003,화장실,환경미화,기타-환경미화운영사업소-환경미화-0000264,,,,,R3003,기계,급수/배수/위생,위생기구/세면기/변기,화장실
,R3004,R3004,화장실,환경미화,기타-환경미화운영사업소-환경미화-0000265,,,,,R3004,기계,급수/배수/위생,위생기구/세면기/변기,화장실
,R3005,R3005,화장실,환경미화,기타-환경미화운영사업소-환경미화-0000266,,,,,R3005,기계,급수/배수/위생,위생기구/세면기/변기,화장실
,R3007,R3007,화장실,환경미화,기타-환경미화운영사업소-환경미화-0000267,,,,,R3007,기계,급수/배수/위생,위생기구/세면기/변기,화장실
,R3008,R3008,화장실,환경미화,기타-환경미화운영사업소-환경미화-0000268,,,,,R3008,기계,급수/배수/위생,위생기구/세면기/변기,화장실
,R2510,R2510,화장실,환경미화,기타-환경미화운영사업소-환경미화-0000269,,,,,R2510,기계,급수/배수/위생,위생기구/세면기/변기,화장실
,R2508,R2508,화장실,환경미화,기타-환경미화운영사업소-환경미화-0000270,,,,,R2508,기계,급수/배수/위생,위생기구/세면기/변기,화장실
,R1527,R1527,화장실,환경미화,기타-환경미화운영사업소-환경미화-0000271,,,,,R1527,기계,급수/배수/위생,위생기구/세면기/변기,화장실
,R1528,R1528,화장실,환경미화,기타-환경미화운영사업소-환경미화-0000272,,,,,R1528,기계,급수/배수/위생,위생기구/세면기/변기,화장실
,R1529,R1529,화장실,환경미화,기타-환경미화운영사업소-환경미화-0000273,,,,,R1529,기계,급수/배수/위생,위생기구/세면기/변기,화장실
,R1529-1,R1529-1,화장실,환경미화,기타-환경미화운영사업소-환경미화-0000274,,,,,R1529-1,기계,급수/배수/위생,위생기구/세면기/변기,화장실
,R2503,R2503,화장실,환경미화,기타-환경미화운영사업소-환경미화-0000275,,,,,R2503,기계,급수/배수/위생,위생기구/세면기/변기,화장실
,R2002,R2002,화장실,환경미화,기타-환경미화운영사업소-환경미화-0000276,,,,,R2002,기계,급수/배수/위생,위생기구/세면기/변기,화장실
,R2003,R2003,화장실,환경미화,기타-환경미화운영사업소-환경미화-0000277,,,,,R2003,기계,급수/배수/위생,위생기구/세면기/변기,화장실
,R2004,R2004,화장실,환경미화,기타-환경미화운영사업소-환경미화-0000278,,,,,R2004,기계,급수/배수/위생,위생기구/세면기/변기,화장실
,R2005,R2005,화장실,환경미화,기타-환경미화운영사업소-환경미화-0000279,,,,,R2005,기계,급수/배수/위생,위생기구/세면기/변기,화장실
,R2006,R2006,화장실,환경미화,기타-환경미화운영사업소-환경미화-0000280,,,,,R2006,기계,급수/배수/위생,위생기구/세면기/변기,화장실
,R2007,R2007,화장실,환경미화,기타-환경미화운영사업소-환경미화-0000281,,,,,R2007,기계,급수/배수/위생,위생기구/세면기/변기,화장실
,R2008,R2008,화장실,환경미화,기타-환경미화운영사업소-환경미화-0000282,,,,,R2008,기계,급수/배수/위생,위생기구/세면기/변기,화장실
,R2009,R2009,화장실,환경미화,기타-환경미화운영사업소-환경미화-0000283,,,,,R2009,기계,급수/배수/위생,위생기구/세면기/변기,화장실
,R2010,R2010,화장실,환경미화,기타-환경미화운영사업소-환경미화-0000284,,,,,R2010,기계,급수/배수/위생,위생기구/세면기/변기,화장실
,R2011,R2011,화장실,환경미화,기타-환경미화운영사업소-환경미화-0000285,,,,,R2011,기계,급수/배수/위생,위생기구/세면기/변기,화장실
,R2012,R2012,화장실,환경미화,기타-환경미화운영사업소-환경미화-0000286,,,,,R2012,기계,급수/배수/위생,위생기구/세면기/변기,화장실
,R2013,R2013,화장실,환경미화,기타-환경미화운영사업소-환경미화-0000287,,,,,R2013,기계,급수/배수/위생,위생기구/세면기/변기,화장실
,R2501,R2501,화장실,환경미화,기타-환경미화운영사업소-환경미화-0000288,,,,,R2501,기계,급수/배수/위생,위생기구/세면기/변기,화장실
,R2502,R2502,화장실,환경미화,기타-환경미화운영사업소-환경미화-0000289,,,,,R2502,기계,급수/배수/위생,위생기구/세면기/변기,화장실
,R2504,R2504,화장실,환경미화,기타-환경미화운영사업소-환경미화-0000290,,,,,R2504,기계,급수/배수/위생,위생기구/세면기/변기,화장실
,R2505,R2505,화장실,환경미화,기타-환경미화운영사업소-환경미화-0000291,,,,,R2505,기계,급수/배수/위생,위생기구/세면기/변기,화장실
,R2507,R2507,화장실,환경미화,기타-환경미화운영사업소-환경미화-0000292,,,,,R2507,기계,급수/배수/위생,위생기구/세면기/변기,화장실
,RB009,RB009,화장실,환경미화,기타-환경미화운영사업소-환경미화-0000293,,,,,RB009,기계,급수/배수/위생,위생기구/세면기/변기,화장실
,RB008,RB008,화장실,환경미화,기타-환경미화운영사업소-환경미화-0000294,,,,,RB008,기계,급수/배수/위생,위생기구/세면기/변기,화장실
,RB007,RB007,화장실,환경미화,기타-환경미화운영사업소-환경미화-0000295,,,,,RB007,기계,급수/배수/위생,위생기구/세면기/변기,화장실
,B1-8-15 장,,화장실,환경미화,기타-환경미화운영사업소-환경미화-0000296,탑승단지>제1터미널>교통센터구역,제1교통센터,지하1층,,B1-8-15 장,기계,급수/배수/위생,위생기구/세면기/변기,화장실
,B1-10-20 남,,화장실,환경미화,기타-환경미화운영사업소-환경미화-0000297,탑승단지>제1터미널>교통센터구역,제1교통센터,지하1층,,B1-10-20 남,기계,급수/배수/위생,위생기구/세면기/변기,화장실
,B1-10-21 남(장),,화장실,환경미화,기타-환경미화운영사업소-환경미화-0000298,탑승단지>제1터미널>교통센터구역,제1교통센터,지하1층,,B1-10-21 남(장),기계,급수/배수/위생,위생기구/세면기/변기,화장실
,B1-10-18 여,,화장실,환경미화,기타-환경미화운영사업소-환경미화-0000299,탑승단지>제1터미널>교통센터구역,제1교통센터,지하1층,,B1-10-18 여,기계,급수/배수/위생,위생기구/세면기/변기,화장실
,B1-10-19 여(장),,화장실,환경미화,기타-환경미화운영사업소-환경미화-0000300,탑승단지>제1터미널>교통센터구역,제1교통센터,지하1층,,B1-10-19 여(장),기계,급수/배수/위생,위생기구/세면기/변기,화장실
,B1-11-22 남,,화장실,환경미화,기타-환경미화운영사업소-환경미화-0000301,탑승단지>제1터미널>교통센터구역,제1교통센터,지하1층,,B1-11-22 남,기계,급수/배수/위생,위생기구/세면기/변기,화장실
,B1-11-23 남(장),,화장실,환경미화,기타-환경미화운영사업소-환경미화-0000302,탑승단지>제1터미널>교통센터구역,제1교통센터,지하1층,,B1-11-23 남(장),기계,급수/배수/위생,위생기구/세면기/변기,화장실
,B1-11-20 여,,화장실,환경미화,기타-환경미화운영사업소-환경미화-0000303,탑승단지>제1터미널>교통센터구역,제1교통센터,지하1층,,B1-11-20 여,기계,급수/배수/위생,위생기구/세면기/변기,화장실
,B1-11-21 여(장),,화장실,환경미화,기타-환경미화운영사업소-환경미화-0000304,탑승단지>제1터미널>교통센터구역,제1교통센터,지하1층,,B1-11-21 여(장),기계,급수/배수/위생,위생기구/세면기/변기,화장실
,B1-11-34 남,,화장실,환경미화,기타-환경미화운영사업소-환경미화-0000305,탑승단지>제1터미널>교통센터구역,제1교통센터,지하1층,,B1-11-34 남,기계,급수/배수/위생,위생기구/세면기/변기,화장실
,B1-11-35 여,,화장실,환경미화,기타-환경미화운영사업소-환경미화-0000306,탑승단지>제1터미널>교통센터구역,제1교통센터,지하1층,,B1-11-35 여,기계,급수/배수/위생,위생기구/세면기/변기,화장실
,R3011,R3011,화장실,환경미화,기타-환경미화운영사업소-환경미화-0000307,,,,,R3011,기계,급수/배수/위생,위생기구/세면기/변기,화장실
,R3012,R3012,화장실,환경미화,기타-환경미화운영사업소-환경미화-0000308,,,,,R3012,기계,급수/배수/위생,위생기구/세면기/변기,화장실
,매화,매화,화장실,환경미화,기타-환경미화운영사업소-환경미화-0000309,,,,,매화,기계,급수/배수/위생,위생기구/세면기/변기,화장실
,난초,난초,화장실,환경미화,기타-환경미화운영사업소-환경미화-0000310,,,,,난초,기계,급수/배수/위생,위생기구/세면기/변기,화장실
,무궁화,무궁화,화장실,환경미화,기타-환경미화운영사업소-환경미화-0000311,,,,,무궁화,기계,급수/배수/위생,위생기구/세면기/변기,화장실
,국화,국화,화장실,환경미화,기타-환경미화운영사업소-환경미화-0000312,,,,,국화,기계,급수/배수/위생,위생기구/세면기/변기,화장실
,대나무,대나무,화장실,환경미화,기타-환경미화운영사업소-환경미화-0000313,,,,,대나무,기계,급수/배수/위생,위생기구/세면기/변기,화장실
,소나무,소나무,화장실,환경미화,기타-환경미화운영사업소-환경미화-0000314,,,,,소나무,기계,급수/배수/위생,위생기구/세면기/변기,화장실
,R3501,R3501,화장실,환경미화,기타-환경미화운영사업소-환경미화-0000315,,,,,R3501,기계,급수/배수/위생,위생기구/세면기/변기,화장실
,R3501-1,R3501-1,화장실,환경미화,기타-환경미화운영사업소-환경미화-0000316,,,,,R3501-1,기계,급수/배수/위생,위생기구/세면기/변기,화장실
,R3501-2,R3501-2,화장실,환경미화,기타-환경미화운영사업소-환경미화-0000317,,,,,R3501-2,기계,급수/배수/위생,위생기구/세면기/변기,화장실
,B1-8-14 여,,화장실,환경미화,기타-환경미화운영사업소-환경미화-0000318,탑승단지>제1터미널>교통센터구역,제1교통센터,지하1층,,B1-8-14 여,기계,급수/배수/위생,위생기구/세면기/변기,화장실
,B1-8-16 남,,화장실,환경미화,기타-환경미화운영사업소-환경미화-0000319,탑승단지>제1터미널>교통센터구역,제1교통센터,지하1층,,B1-8-16 남,기계,급수/배수/위생,위생기구/세면기/변기,화장실
,B2-8-14 여,,화장실,환경미화,기타-환경미화운영사업소-환경미화-0000320,탑승단지>제1터미널>교통센터구역,제1교통센터,지하2층,,B2-8-14 여,기계,급수/배수/위생,위생기구/세면기/변기,화장실
,B2-8-16 장,,화장실,환경미화,기타-환경미화운영사업소-환경미화-0000321,탑승단지>제1터미널>교통센터구역,제1교통센터,지하2층,,B2-8-16 장,기계,급수/배수/위생,위생기구/세면기/변기,화장실
,B2-8-19 남,,화장실,환경미화,기타-환경미화운영사업소-환경미화-0000322,탑승단지>제1터미널>교통센터구역,제1교통센터,지하2층,,B2-8-19 남,기계,급수/배수/위생,위생기구/세면기/변기,화장실
,B1-2-12 남,,화장실,환경미화,기타-환경미화운영사업소-환경미화-0000323,탑승단지>제1터미널>교통센터구역,제1교통센터,지하1층,,B1-2-12 남,기계,급수/배수/위생,위생기구/세면기/변기,화장실
,B1-2-13 남(장),,화장실,환경미화,기타-환경미화운영사업소-환경미화-0000324,탑승단지>제1터미널>교통센터구역,제1교통센터,지하1층,,B1-2-13 남(장),기계,급수/배수/위생,위생기구/세면기/변기,화장실
,B1-2-14 여,,화장실,환경미화,기타-환경미화운영사업소-환경미화-0000325,탑승단지>제1터미널>교통센터구역,제1교통센터,지하1층,,B1-2-14 여,기계,급수/배수/위생,위생기구/세면기/변기,화장실
,B1-2-15 여(장),,화장실,환경미화,기타-환경미화운영사업소-환경미화-0000326,탑승단지>제1터미널>교통센터구역,제1교통센터,지하1층,,B1-2-15 여(장),기계,급수/배수/위생,위생기구/세면기/변기,화장실
,B1-3-20 남,,화장실,환경미화,기타-환경미화운영사업소-환경미화-0000327,탑승단지>제1터미널>교통센터구역,제1교통센터,지하1층,,B1-3-20 남,기계,급수/배수/위생,위생기구/세면기/변기,화장실
,B1-3-21 남(장),,화장실,환경미화,기타-환경미화운영사업소-환경미화-0000328,탑승단지>제1터미널>교통센터구역,제1교통센터,지하1층,,B1-3-21 남(장),기계,급수/배수/위생,위생기구/세면기/변기,화장실
,B1-3-18 여,,화장실,환경미화,기타-환경미화운영사업소-환경미화-0000329,탑승단지>제1터미널>교통센터구역,제1교통센터,지하1층,,B1-3-18 여,기계,급수/배수/위생,위생기구/세면기/변기,화장실
,B1-3-19 여(장),,화장실,환경미화,기타-환경미화운영사업소-환경미화-0000330,탑승단지>제1터미널>교통센터구역,제1교통센터,지하1층,,B1-3-19 여(장),기계,급수/배수/위생,위생기구/세면기/변기,화장실
,B1-5-14 남,,화장실,환경미화,기타-환경미화운영사업소-환경미화-0000331,탑승단지>제1터미널>교통센터구역,제1교통센터,지하1층,,B1-5-14 남,기계,급수/배수/위생,위생기구/세면기/변기,화장실
,B1-5-16 여,,화장실,환경미화,기타-환경미화운영사업소-환경미화-0000332,탑승단지>제1터미널>교통센터구역,제1교통센터,지하1층,,B1-5-16 여,기계,급수/배수/위생,위생기구/세면기/변기,화장실
,B1-5-15 장,,화장실,환경미화,기타-환경미화운영사업소-환경미화-0000333,탑승단지>제1터미널>교통센터구역,제1교통센터,지하1층,,B1-5-15 장,기계,급수/배수/위생,위생기구/세면기/변기,화장실
,B1-6-11 남,,화장실,환경미화,기타-환경미화운영사업소-환경미화-0000334,탑승단지>제1터미널>교통센터구역,제1교통센터,지하1층,,B1-6-11 남,기계,급수/배수/위생,위생기구/세면기/변기,화장실
,B1-6-12 남(장),,화장실,환경미화,기타-환경미화운영사업소-환경미화-0000335,탑승단지>제1터미널>교통센터구역,제1교통센터,지하1층,,B1-6-12 남(장),기계,급수/배수/위생,위생기구/세면기/변기,화장실
,B1-6-9 여,,화장실,환경미화,기타-환경미화운영사업소-환경미화-0000336,탑승단지>제1터미널>교통센터구역,제1교통센터,지하1층,,B1-6-9 여,기계,급수/배수/위생,위생기구/세면기/변기,화장실
,B1-6-10 여(장),,화장실,환경미화,기타-환경미화운영사업소-환경미화-0000337,탑승단지>제1터미널>교통센터구역,제1교통센터,지하1층,,B1-6-10 여(장),기계,급수/배수/위생,위생기구/세면기/변기,화장실
,B1-7-12 남,,화장실,환경미화,기타-환경미화운영사업소-환경미화-0000338,탑승단지>제1터미널>교통센터구역,제1교통센터,지하1층,,B1-7-12 남,기계,급수/배수/위생,위생기구/세면기/변기,화장실
,B1-7-13 남(장),,화장실,환경미화,기타-환경미화운영사업소-환경미화-0000339,탑승단지>제1터미널>교통센터구역,제1교통센터,지하1층,,B1-7-13 남(장),기계,급수/배수/위생,위생기구/세면기/변기,화장실
,B1-7-10 여,,화장실,환경미화,기타-환경미화운영사업소-환경미화-0000340,탑승단지>제1터미널>교통센터구역,제1교통센터,지하1층,,B1-7-10 여,기계,급수/배수/위생,위생기구/세면기/변기,화장실
,B1-7-11 여(장),,화장실,환경미화,기타-환경미화운영사업소-환경미화-0000341,탑승단지>제1터미널>교통센터구역,제1교통센터,지하1층,,B1-7-11 여(장),기계,급수/배수/위생,위생기구/세면기/변기,화장실
,R3502,R3502,화장실,환경미화,기타-환경미화운영사업소-환경미화-0000342,,,,,R3502,기계,급수/배수/위생,위생기구/세면기/변기,화장실
,R3503,R3503,화장실,환경미화,기타-환경미화운영사업소-환경미화-0000343,,,,,R3503,기계,급수/배수/위생,위생기구/세면기/변기,화장실
,R3504,R3504,화장실,환경미화,기타-환경미화운영사업소-환경미화-0000344,,,,,R3504,기계,급수/배수/위생,위생기구/세면기/변기,화장실
,R4001,R4001,화장실,환경미화,기타-환경미화운영사업소-환경미화-0000345,,,,,R4001,기계,급수/배수/위생,위생기구/세면기/변기,화장실
,R4002,R4002,화장실,환경미화,기타-환경미화운영사업소-환경미화-0000346,,,,,R4002,기계,급수/배수/위생,위생기구/세면기/변기,화장실
,R4003,R4003,화장실,환경미화,기타-환경미화운영사업소-환경미화-0000347,,,,,R4003,기계,급수/배수/위생,위생기구/세면기/변기,화장실
,R4004,R4004,화장실,환경미화,기타-환경미화운영사업소-환경미화-0000348,,,,,R4004,기계,급수/배수/위생,위생기구/세면기/변기,화장실
,R4503,R4503,화장실,환경미화,기타-환경미화운영사업소-환경미화-0000349,,,,,R4503,기계,급수/배수/위생,위생기구/세면기/변기,화장실
,R4506,R4506,화장실,환경미화,기타-환경미화운영사업소-환경미화-0000350,,,,,R4506,기계,급수/배수/위생,위생기구/세면기/변기,화장실
,R4507,R4507,화장실,환경미화,기타-환경미화운영사업소-환경미화-0000351,,,,,R4507,기계,급수/배수/위생,위생기구/세면기/변기,화장실
,R4510,R4510,화장실,환경미화,기타-환경미화운영사업소-환경미화-0000352,,,,,R4510,기계,급수/배수/위생,위생기구/세면기/변기,화장실
,R4512,R4512,화장실,환경미화,기타-환경미화운영사업소-환경미화-0000353,,,,,R4512,기계,급수/배수/위생,위생기구/세면기/변기,화장실
,R4513,R4513,화장실,환경미화,기타-환경미화운영사업소-환경미화-0000354,,,,,R4513,기계,급수/배수/위생,위생기구/세면기/변기,화장실
,R4511,R4511,화장실,환경미화,기타-환경미화운영사업소-환경미화-0000355,,,,,R4511,기계,급수/배수/위생,위생기구/세면기/변기,화장실
,,,화장실,환경미화,기타-환경미화운영사업소-환경미화-0000356,탑승단지>제2터미널지역>본관구역,제2여객터미널,지하1층,,,기계,급수/배수/위생,위생기구/세면기/변기,화장실
,RB2501,RB2501,화장실,환경미화,기타-환경미화운영사업소-환경미화-0000357,,,,,RB2501,기계,급수/배수/위생,위생기구/세면기/변기,화장실
,RB2502,RB2502,화장실,환경미화,기타-환경미화운영사업소-환경미화-0000358,,,,,RB2502,기계,급수/배수/위생,위생기구/세면기/변기,화장실
,RB001,RB001,화장실,환경미화,기타-환경미화운영사업소-환경미화-0000359,,,,,RB001,기계,급수/배수/위생,위생기구/세면기/변기,화장실
,RB002,RB002,화장실,환경미화,기타-환경미화운영사업소-환경미화-0000360,,,,,RB002,기계,급수/배수/위생,위생기구/세면기/변기,화장실
,RB003,RB003,화장실,환경미화,기타-환경미화운영사업소-환경미화-0000361,,,,,RB003,기계,급수/배수/위생,위생기구/세면기/변기,화장실
,RB004,RB004,화장실,환경미화,기타-환경미화운영사업소-환경미화-0000362,,,,,RB004,기계,급수/배수/위생,위생기구/세면기/변기,화장실
,RB005,RB005,화장실,환경미화,기타-환경미화운영사업소-환경미화-0000363,,,,,RB005,기계,급수/배수/위생,위생기구/세면기/변기,화장실
,RB005-1,RB005-1,화장실,환경미화,기타-환경미화운영사업소-환경미화-0000364,,,,,RB005-1,기계,급수/배수/위생,위생기구/세면기/변기,화장실
,RB005-2,RB005-2,화장실,환경미화,기타-환경미화운영사업소-환경미화-0000365,,,,,RB005-2,기계,급수/배수/위생,위생기구/세면기/변기,화장실
,RB006,RB006,화장실,환경미화,기타-환경미화운영사업소-환경미화-0000366,,,,,RB006,기계,급수/배수/위생,위생기구/세면기/변기,화장실
,5번 출국장,5번 출국장,화장실,환경미화,기타-환경미화운영사업소-환경미화-0000367,,,,,5번 출국장,기계,급수/배수/위생,위생기구/세면기/변기,화장실
,4번 출국장,4번 출국장,화장실,환경미화,기타-환경미화운영사업소-환경미화-0000368,,,,,4번 출국장,기계,급수/배수/위생,위생기구/세면기/변기,화장실
,R3505,R3505,화장실,환경미화,기타-환경미화운영사업소-환경미화-0000369,,,,,R3505,기계,급수/배수/위생,위생기구/세면기/변기,화장실
,R3506,R3506,화장실,환경미화,기타-환경미화운영사업소-환경미화-0000370,,,,,R3506,기계,급수/배수/위생,위생기구/세면기/변기,화장실
,R3507,R3507,화장실,환경미화,기타-환경미화운영사업소-환경미화-0000371,,,,,R3507,기계,급수/배수/위생,위생기구/세면기/변기,화장실
,R3508,R3508,화장실,환경미화,기타-환경미화운영사업소-환경미화-0000372,,,,,R3508,기계,급수/배수/위생,위생기구/세면기/변기,화장실
,R3509,R3509,화장실,환경미화,기타-환경미화운영사업소-환경미화-0000373,,,,,R3509,기계,급수/배수/위생,위생기구/세면기/변기,화장실
,R3510,R3510,화장실,환경미화,기타-환경미화운영사업소-환경미화-0000374,,,,,R3510,기계,급수/배수/위생,위생기구/세면기/변기,화장실
,R3511,R3511,화장실,환경미화,기타-환경미화운영사업소-환경미화-0000375,,,,,R3511,기계,급수/배수/위생,위생기구/세면기/변기,화장실
,R3512,R3512,화장실,환경미화,기타-환경미화운영사업소-환경미화-0000376,,,,,R3512,기계,급수/배수/위생,위생기구/세면기/변기,화장실
,R3513,R3513,화장실,환경미화,기타-환경미화운영사업소-환경미화-0000377,,,,,R3513,기계,급수/배수/위생,위생기구/세면기/변기,화장실
,R3514,R3514,화장실,환경미화,기타-환경미화운영사업소-환경미화-0000378,,,,,R3514,기계,급수/배수/위생,위생기구/세면기/변기,화장실
,R3515,R3515,화장실,환경미화,기타-환경미화운영사업소-환경미화-0000379,,,,,R3515,기계,급수/배수/위생,위생기구/세면기/변기,화장실
,R3516,R3516,화장실,환경미화,기타-환경미화운영사업소-환경미화-0000380,,,,,R3516,기계,급수/배수/위생,위생기구/세면기/변기,화장실
,R3517,R3517,화장실,환경미화,기타-환경미화운영사업소-환경미화-0000381,,,,,R3517,기계,급수/배수/위생,위생기구/세면기/변기,화장실
,R3518,R3518,화장실,환경미화,기타-환경미화운영사업소-환경미화-0000382,,,,,R3518,기계,급수/배수/위생,위생기구/세면기/변기,화장실
,R3519,R3519,화장실,환경미화,기타-환경미화운영사업소-환경미화-0000383,,,,,R3519,기계,급수/배수/위생,위생기구/세면기/변기,화장실
,1번 출국장,1번 출국장,화장실,환경미화,기타-환경미화운영사업소-환경미화-0000384,,,,,1번 출국장,기계,급수/배수/위생,위생기구/세면기/변기,화장실
,2번 출국장,2번 출국장,화장실,환경미화,기타-환경미화운영사업소-환경미화-0000385,,,,,2번 출국장,기계,급수/배수/위생,위생기구/세면기/변기,화장실
,3번 출국장,3번 출국장,화장실,환경미화,기타-환경미화운영사업소-환경미화-0000386,,,,,3번 출국장,기계,급수/배수/위생,위생기구/세면기/변기,화장실
,4번 출국장,4번 출국장,화장실,환경미화,기타-환경미화운영사업소-환경미화-0000387,,,,,4번 출국장,기계,급수/배수/위생,위생기구/세면기/변기,화장실
,5번 출국장,5번 출국장,화장실,환경미화,기타-환경미화운영사업소-환경미화-0000388,,,,,5번 출국장,기계,급수/배수/위생,위생기구/세면기/변기,화장실
,6번 출국장,6번 출국장,화장실,환경미화,기타-환경미화운영사업소-환경미화-0000389,,,,,6번 출국장,기계,급수/배수/위생,위생기구/세면기/변기,화장실
,3번 출국장,3번 출국장,화장실,환경미화,기타-환경미화운영사업소-환경미화-0000390,,,,,3번 출국장,기계,급수/배수/위생,위생기구/세면기/변기,화장실
,2F-2553,,화장실,환경미화,기타-환경미화운영사업소-환경미화-0000391,탑승단지>제2터미널지역>본관구역,제2여객터미널A/S,2층,,2F-2553,기계,급수/배수/위생,위생기구/세면기/변기,화장실
,2F-2548,,화장실,환경미화,기타-환경미화운영사업소-환경미화-0000392,탑승단지>제2터미널지역>본관구역,제2여객터미널A/S,2층,,2F-2548,기계,급수/배수/위생,위생기구/세면기/변기,화장실
,2F-2547,,화장실,환경미화,기타-환경미화운영사업소-환경미화-0000393,탑승단지>제2터미널지역>본관구역,제2여객터미널A/S,2층,,2F-2547,기계,급수/배수/위생,위생기구/세면기/변기,화장실
,R3002여,,화장실,환경미화,기타-환경미화운영사업소-환경미화-0000394,탑승단지>탑승동지역>탑승구역,탑승동,3층,,R3002여,기계,급수/배수/위생,위생기구/세면기/변기,화장실
,R3003남,,화장실,환경미화,기타-환경미화운영사업소-환경미화-0000395,탑승단지>탑승동지역>탑승구역,탑승동,3층,,R3003남,기계,급수/배수/위생,위생기구/세면기/변기,화장실
,R3003여,,화장실,환경미화,기타-환경미화운영사업소-환경미화-0000396,탑승단지>탑승동지역>탑승구역,탑승동,3층,,R3003여,기계,급수/배수/위생,위생기구/세면기/변기,화장실
,R3004남,,화장실,환경미화,기타-환경미화운영사업소-환경미화-0000397,탑승단지>탑승동지역>탑승구역,탑승동,3층,,R3004남,기계,급수/배수/위생,위생기구/세면기/변기,화장실
,R3004여,,화장실,환경미화,기타-환경미화운영사업소-환경미화-0000398,탑승단지>탑승동지역>탑승구역,탑승동,3층,,R3004여,기계,급수/배수/위생,위생기구/세면기/변기,화장실
,R3006남,,화장실,환경미화,기타-환경미화운영사업소-환경미화-0000399,탑승단지>탑승동지역>탑승구역,탑승동,3층,,R3006남,기계,급수/배수/위생,위생기구/세면기/변기,화장실
,R3006여,,화장실,환경미화,기타-환경미화운영사업소-환경미화-0000400,탑승단지>탑승동지역>탑승구역,탑승동,3층,,R3006여,기계,급수/배수/위생,위생기구/세면기/변기,화장실
,R3007남,,화장실,환경미화,기타-환경미화운영사업소-환경미화-0000401,탑승단지>탑승동지역>탑승구역,탑승동,3층,,R3007남,기계,급수/배수/위생,위생기구/세면기/변기,화장실
,R3007여,,화장실,환경미화,기타-환경미화운영사업소-환경미화-0000402,탑승단지>탑승동지역>탑승구역,탑승동,3층,,R3007여,기계,급수/배수/위생,위생기구/세면기/변기,화장실
,R3008남,,화장실,환경미화,기타-환경미화운영사업소-환경미화-0000403,탑승단지>탑승동지역>탑승구역,탑승동,3층,,R3008남,기계,급수/배수/위생,위생기구/세면기/변기,화장실
,R3008여,,화장실,환경미화,기타-환경미화운영사업소-환경미화-0000404,탑승단지>탑승동지역>탑승구역,탑승동,3층,,R3008여,기계,급수/배수/위생,위생기구/세면기/변기,화장실
,R3009남,,화장실,환경미화,기타-환경미화운영사업소-환경미화-0000405,탑승단지>탑승동지역>탑승구역,탑승동,3층,,R3009남,기계,급수/배수/위생,위생기구/세면기/변기,화장실
,R3009여,,화장실,환경미화,기타-환경미화운영사업소-환경미화-0000406,탑승단지>탑승동지역>탑승구역,탑승동,3층,,R3009여,기계,급수/배수/위생,위생기구/세면기/변기,화장실
,R3010남,,화장실,환경미화,기타-환경미화운영사업소-환경미화-0000407,탑승단지>탑승동지역>탑승구역,탑승동,3층,,R3010남,기계,급수/배수/위생,위생기구/세면기/변기,화장실
,R3010여,,화장실,환경미화,기타-환경미화운영사업소-환경미화-0000408,탑승단지>탑승동지역>탑승구역,탑승동,3층,,R3010여,기계,급수/배수/위생,위생기구/세면기/변기,화장실
,R3011남,,화장실,환경미화,기타-환경미화운영사업소-환경미화-0000409,탑승단지>탑승동지역>탑승구역,탑승동,3층,,R3011남,기계,급수/배수/위생,위생기구/세면기/변기,화장실
,R3011여,,화장실,환경미화,기타-환경미화운영사업소-환경미화-0000410,탑승단지>탑승동지역>탑승구역,탑승동,3층,,R3011여,기계,급수/배수/위생,위생기구/세면기/변기,화장실
,R3012남,,화장실,환경미화,기타-환경미화운영사업소-환경미화-0000411,탑승단지>탑승동지역>탑승구역,탑승동,3층,,R3012남,기계,급수/배수/위생,위생기구/세면기/변기,화장실
,R3012여,,화장실,환경미화,기타-환경미화운영사업소-환경미화-0000412,탑승단지>탑승동지역>탑승구역,탑승동,3층,,R3012여,기계,급수/배수/위생,위생기구/세면기/변기,화장실
,R3013남,,화장실,환경미화,기타-환경미화운영사업소-환경미화-0000413,탑승단지>탑승동지역>탑승구역,탑승동,3층,,R3013남,기계,급수/배수/위생,위생기구/세면기/변기,화장실
,R3013여,,화장실,환경미화,기타-환경미화운영사업소-환경미화-0000414,탑승단지>탑승동지역>탑승구역,탑승동,3층,,R3013여,기계,급수/배수/위생,위생기구/세면기/변기,화장실
,R3014남,,화장실,환경미화,기타-환경미화운영사업소-환경미화-0000415,탑승단지>탑승동지역>탑승구역,탑승동,3층,,R3014남,기계,급수/배수/위생,위생기구/세면기/변기,화장실
,R3002남,,화장실,환경미화,기타-환경미화운영사업소-환경미화-0000416,탑승단지>탑승동지역>탑승구역,탑승동,3층,,R3002남,기계,급수/배수/위생,위생기구/세면기/변기,화장실
,R3001여,,화장실,환경미화,기타-환경미화운영사업소-환경미화-0000417,탑승단지>탑승동지역>탑승구역,탑승동,3층,,R3001여,기계,급수/배수/위생,위생기구/세면기/변기,화장실
,R2006여,,화장실,환경미화,기타-환경미화운영사업소-환경미화-0000418,탑승단지>탑승동지역>탑승구역,탑승동,2층,,R2006여,기계,급수/배수/위생,위생기구/세면기/변기,화장실
,R2007남,,화장실,환경미화,기타-환경미화운영사업소-환경미화-0000419,탑승단지>탑승동지역>탑승구역,탑승동,2층,,R2007남,기계,급수/배수/위생,위생기구/세면기/변기,화장실
,R2007여,,화장실,환경미화,기타-환경미화운영사업소-환경미화-0000420,탑승단지>탑승동지역>탑승구역,탑승동,2층,,R2007여,기계,급수/배수/위생,위생기구/세면기/변기,화장실
,R2008남,,화장실,환경미화,기타-환경미화운영사업소-환경미화-0000421,탑승단지>탑승동지역>탑승구역,탑승동,2층,,R2008남,기계,급수/배수/위생,위생기구/세면기/변기,화장실
,R2008여,,화장실,환경미화,기타-환경미화운영사업소-환경미화-0000422,탑승단지>탑승동지역>탑승구역,탑승동,2층,,R2008여,기계,급수/배수/위생,위생기구/세면기/변기,화장실
,R2009남,,화장실,환경미화,기타-환경미화운영사업소-환경미화-0000423,탑승단지>탑승동지역>탑승구역,탑승동,2층,,R2009남,기계,급수/배수/위생,위생기구/세면기/변기,화장실
,R2009여,,화장실,환경미화,기타-환경미화운영사업소-환경미화-0000424,탑승단지>탑승동지역>탑승구역,탑승동,2층,,R2009여,기계,급수/배수/위생,위생기구/세면기/변기,화장실
,R2010남,,화장실,환경미화,기타-환경미화운영사업소-환경미화-0000425,탑승단지>탑승동지역>탑승구역,탑승동,2층,,R2010남,기계,급수/배수/위생,위생기구/세면기/변기,화장실
,R2010여,,화장실,환경미화,기타-환경미화운영사업소-환경미화-0000426,탑승단지>탑승동지역>탑승구역,탑승동,2층,,R2010여,기계,급수/배수/위생,위생기구/세면기/변기,화장실
,R2011남,,화장실,환경미화,기타-환경미화운영사업소-환경미화-0000427,탑승단지>탑승동지역>탑승구역,탑승동,2층,,R2011남,기계,급수/배수/위생,위생기구/세면기/변기,화장실
,R2011여,,화장실,환경미화,기타-환경미화운영사업소-환경미화-0000428,탑승단지>탑승동지역>탑승구역,탑승동,2층,,R2011여,기계,급수/배수/위생,위생기구/세면기/변기,화장실
,R2012남,,화장실,환경미화,기타-환경미화운영사업소-환경미화-0000429,탑승단지>탑승동지역>탑승구역,탑승동,2층,,R2012남,기계,급수/배수/위생,위생기구/세면기/변기,화장실
,R2012여,,화장실,환경미화,기타-환경미화운영사업소-환경미화-0000430,탑승단지>탑승동지역>탑승구역,탑승동,2층,,R2012여,기계,급수/배수/위생,위생기구/세면기/변기,화장실
,R2013남,,화장실,환경미화,기타-환경미화운영사업소-환경미화-0000431,탑승단지>탑승동지역>탑승구역,탑승동,2층,,R2013남,기계,급수/배수/위생,위생기구/세면기/변기,화장실
,R2013여,,화장실,환경미화,기타-환경미화운영사업소-환경미화-0000432,탑승단지>탑승동지역>탑승구역,탑승동,2층,,R2013여,기계,급수/배수/위생,위생기구/세면기/변기,화장실
,R2014남,,화장실,환경미화,기타-환경미화운영사업소-환경미화-0000433,탑승단지>탑승동지역>탑승구역,탑승동,2층,,R2014남,기계,급수/배수/위생,위생기구/세면기/변기,화장실
,R2014여,,화장실,환경미화,기타-환경미화운영사업소-환경미화-0000434,탑승단지>탑승동지역>탑승구역,탑승동,2층,,R2014여,기계,급수/배수/위생,위생기구/세면기/변기,화장실
,R2015남,,화장실,환경미화,기타-환경미화운영사업소-환경미화-0000435,탑승단지>탑승동지역>탑승구역,탑승동,2층,,R2015남,기계,급수/배수/위생,위생기구/세면기/변기,화장실
,R2015여,,화장실,환경미화,기타-환경미화운영사업소-환경미화-0000436,탑승단지>탑승동지역>탑승구역,탑승동,2층,,R2015여,기계,급수/배수/위생,위생기구/세면기/변기,화장실
,R2016남,,화장실,환경미화,기타-환경미화운영사업소-환경미화-0000437,탑승단지>탑승동지역>탑승구역,탑승동,2층,,R2016남,기계,급수/배수/위생,위생기구/세면기/변기,화장실
,R2016여,,화장실,환경미화,기타-환경미화운영사업소-환경미화-0000438,탑승단지>탑승동지역>탑승구역,탑승동,2층,,R2016여,기계,급수/배수/위생,위생기구/세면기/변기,화장실
,R3001남,,화장실,환경미화,기타-환경미화운영사업소-환경미화-0000439,탑승단지>탑승동지역>탑승구역,탑승동,3층,,R3001남,기계,급수/배수/위생,위생기구/세면기/변기,화장실
,R3014여,,화장실,환경미화,기타-환경미화운영사업소-환경미화-0000440,탑승단지>탑승동지역>탑승구역,탑승동,3층,,R3014여,기계,급수/배수/위생,위생기구/세면기/변기,화장실
,R3015남,,화장실,환경미화,기타-환경미화운영사업소-환경미화-0000441,탑승단지>탑승동지역>탑승구역,탑승동,3층,,R3015남,기계,급수/배수/위생,위생기구/세면기/변기,화장실
,R3015여,,화장실,환경미화,기타-환경미화운영사업소-환경미화-0000442,탑승단지>탑승동지역>탑승구역,탑승동,3층,,R3015여,기계,급수/배수/위생,위생기구/세면기/변기,화장실
,B1-0809,,화장실,환경미화,기타-환경미화운영사업소-환경미화-0000443,탑승단지>제2터미널지역>본관구역,제2여객터미널L/S,지하1층,,B1-0809,기계,급수/배수/위생,위생기구/세면기/변기,화장실
,B1-0808,,화장실,환경미화,기타-환경미화운영사업소-환경미화-0000444,탑승단지>제2터미널지역>본관구역,제2여객터미널L/S,지하1층,,B1-0808,기계,급수/배수/위생,위생기구/세면기/변기,화장실
,B1-0805,,화장실,환경미화,기타-환경미화운영사업소-환경미화-0000445,탑승단지>제2터미널지역>본관구역,제2여객터미널L/S,지하1층,,B1-0805,기계,급수/배수/위생,위생기구/세면기/변기,화장실
,B1-0803,,화장실,환경미화,기타-환경미화운영사업소-환경미화-0000446,탑승단지>제2터미널지역>본관구역,제2여객터미널L/S,지하1층,,B1-0803,기계,급수/배수/위생,위생기구/세면기/변기,화장실
,B1-0913,,화장실,환경미화,기타-환경미화운영사업소-환경미화-0000447,탑승단지>제2터미널지역>본관구역,제2여객터미널L/S,지하1층,,B1-0913,기계,급수/배수/위생,위생기구/세면기/변기,화장실
,B1-0912,,화장실,환경미화,기타-환경미화운영사업소-환경미화-0000448,탑승단지>제2터미널지역>본관구역,제2여객터미널L/S,지하1층,,B1-0912,기계,급수/배수/위생,위생기구/세면기/변기,화장실
,1F-0503,,화장실,환경미화,기타-환경미화운영사업소-환경미화-0000449,탑승단지>제2터미널지역>본관구역,제2여객터미널L/S,1층,,1F-0503,기계,급수/배수/위생,위생기구/세면기/변기,화장실
,1F-0504,,화장실,환경미화,기타-환경미화운영사업소-환경미화-0000450,탑승단지>제2터미널지역>본관구역,제2여객터미널L/S,1층,,1F-0504,기계,급수/배수/위생,위생기구/세면기/변기,화장실
,1F-0603,,화장실,환경미화,기타-환경미화운영사업소-환경미화-0000451,탑승단지>제2터미널지역>본관구역,제2여객터미널L/S,1층,,1F-0603,기계,급수/배수/위생,위생기구/세면기/변기,화장실
,1F-0604,,화장실,환경미화,기타-환경미화운영사업소-환경미화-0000452,탑승단지>제2터미널지역>본관구역,제2여객터미널L/S,1층,,1F-0604,기계,급수/배수/위생,위생기구/세면기/변기,화장실
,1F-0241,,화장실,환경미화,기타-환경미화운영사업소-환경미화-0000453,탑승단지>제2터미널지역>본관구역,제2여객터미널L/S,1층,,1F-0241,기계,급수/배수/위생,위생기구/세면기/변기,화장실
,1F-0242,,화장실,환경미화,기타-환경미화운영사업소-환경미화-0000454,탑승단지>제2터미널지역>본관구역,제2여객터미널L/S,1층,,1F-0242,기계,급수/배수/위생,위생기구/세면기/변기,화장실
,1F-2157,,화장실,환경미화,기타-환경미화운영사업소-환경미화-0000455,탑승단지>제2터미널지역>본관구역,제2여객터미널L/S,1층,,1F-2157,기계,급수/배수/위생,위생기구/세면기/변기,화장실
,1F-2158,,화장실,환경미화,기타-환경미화운영사업소-환경미화-0000456,탑승단지>제2터미널지역>본관구역,제2여객터미널L/S,1층,,1F-2158,기계,급수/배수/위생,위생기구/세면기/변기,화장실
,1F-3657,,화장실,환경미화,기타-환경미화운영사업소-환경미화-0000457,탑승단지>제2터미널지역>본관구역,제2여객터미널L/S,1층,,1F-3657,기계,급수/배수/위생,위생기구/세면기/변기,화장실
,1F-3658,,화장실,환경미화,기타-환경미화운영사업소-환경미화-0000458,탑승단지>제2터미널지역>본관구역,제2여객터미널L/S,1층,,1F-3658,기계,급수/배수/위생,위생기구/세면기/변기,화장실
,1F-1241,,화장실,환경미화,기타-환경미화운영사업소-환경미화-0000459,탑승단지>제2터미널지역>본관구역,제2여객터미널L/S,1층,,1F-1241,기계,급수/배수/위생,위생기구/세면기/변기,화장실
,1F-1242,,화장실,환경미화,기타-환경미화운영사업소-환경미화-0000460,탑승단지>제2터미널지역>본관구역,제2여객터미널L/S,1층,,1F-1242,기계,급수/배수/위생,위생기구/세면기/변기,화장실
,1F-0904,,화장실,환경미화,기타-환경미화운영사업소-환경미화-0000461,탑승단지>제2터미널지역>본관구역,제2여객터미널L/S,1층,,1F-0904,기계,급수/배수/위생,위생기구/세면기/변기,화장실
,1F-0905,,화장실,환경미화,기타-환경미화운영사업소-환경미화-0000462,탑승단지>제2터미널지역>본관구역,제2여객터미널L/S,1층,,1F-0905,기계,급수/배수/위생,위생기구/세면기/변기,화장실
,1F-0806,,화장실,환경미화,기타-환경미화운영사업소-환경미화-0000463,탑승단지>제2터미널지역>본관구역,제2여객터미널L/S,1층,,1F-0806,기계,급수/배수/위생,위생기구/세면기/변기,화장실
,1F-0805,,화장실,환경미화,기타-환경미화운영사업소-환경미화-0000464,탑승단지>제2터미널지역>본관구역,제2여객터미널L/S,1층,,1F-0805,기계,급수/배수/위생,위생기구/세면기/변기,화장실
,B1-0828,,화장실,환경미화,기타-환경미화운영사업소-환경미화-0000465,탑승단지>제2터미널지역>본관구역,제2여객터미널L/S,지하1층,,B1-0828,기계,급수/배수/위생,위생기구/세면기/변기,화장실
,B1-0827,,화장실,환경미화,기타-환경미화운영사업소-환경미화-0000466,탑승단지>제2터미널지역>본관구역,제2여객터미널L/S,지하1층,,B1-0827,기계,급수/배수/위생,위생기구/세면기/변기,화장실
,R4001남,,화장실,환경미화,기타-환경미화운영사업소-환경미화-0000467,탑승단지>탑승동지역>탑승구역,탑승동,4층,,R4001남,기계,급수/배수/위생,위생기구/세면기/변기,화장실
,R4001여,,화장실,환경미화,기타-환경미화운영사업소-환경미화-0000468,탑승단지>탑승동지역>탑승구역,탑승동,4층,,R4001여,기계,급수/배수/위생,위생기구/세면기/변기,화장실
,R4002남,,화장실,환경미화,기타-환경미화운영사업소-환경미화-0000469,탑승단지>탑승동지역>탑승구역,탑승동,4층,,R4002남,기계,급수/배수/위생,위생기구/세면기/변기,화장실
,R4002여,,화장실,환경미화,기타-환경미화운영사업소-환경미화-0000470,탑승단지>탑승동지역>탑승구역,탑승동,4층,,R4002여,기계,급수/배수/위생,위생기구/세면기/변기,화장실
,B3-5-17 남,,화장실,환경미화,기타-환경미화운영사업소-환경미화-0000471,탑승단지>제1터미널>교통센터구역,제1교통센터,지하3층,,B3-5-17 남,기계,급수/배수/위생,위생기구/세면기/변기,화장실
,B3-5-15 여,,화장실,환경미화,기타-환경미화운영사업소-환경미화-0000472,탑승단지>제1터미널>교통센터구역,제1교통센터,지하3층,,B3-5-15 여,기계,급수/배수/위생,위생기구/세면기/변기,화장실
,B3-5-16 장,,화장실,환경미화,기타-환경미화운영사업소-환경미화-0000473,탑승단지>제1터미널>교통센터구역,제1교통센터,지하3층,,B3-5-16 장,기계,급수/배수/위생,위생기구/세면기/변기,화장실
,B3-7-13 남,,화장실,환경미화,기타-환경미화운영사업소-환경미화-0000474,탑승단지>제1터미널>교통센터구역,제1교통센터,지하3층,,B3-7-13 남,기계,급수/배수/위생,위생기구/세면기/변기,화장실
,B3-7-14 여,,화장실,환경미화,기타-환경미화운영사업소-환경미화-0000475,탑승단지>제1터미널>교통센터구역,제1교통센터,지하3층,,B3-7-14 여,기계,급수/배수/위생,위생기구/세면기/변기,화장실
,B3-7-15 장,,화장실,환경미화,기타-환경미화운영사업소-환경미화-0000476,탑승단지>제1터미널>교통센터구역,제1교통센터,지하3층,,B3-7-15 장,기계,급수/배수/위생,위생기구/세면기/변기,화장실
,B3-8-15 남,,화장실,환경미화,기타-환경미화운영사업소-환경미화-0000477,탑승단지>제1터미널>교통센터구역,제1교통센터,지하3층,,B3-8-15 남,기계,급수/배수/위생,위생기구/세면기/변기,화장실
,B3-8-14 여,,화장실,환경미화,기타-환경미화운영사업소-환경미화-0000478,탑승단지>제1터미널>교통센터구역,제1교통센터,지하3층,,B3-8-14 여,기계,급수/배수/위생,위생기구/세면기/변기,화장실
,B1-0347,,화장실,환경미화,기타-환경미화운영사업소-환경미화-0000479,탑승단지>제2터미널지역>본관구역,제2여객터미널L/S,지하1층,,B1-0347,기계,급수/배수/위생,위생기구/세면기/변기,화장실
,B1-0348,,화장실,환경미화,기타-환경미화운영사업소-환경미화-0000480,탑승단지>제2터미널지역>본관구역,제2여객터미널L/S,지하1층,,B1-0348,기계,급수/배수/위생,위생기구/세면기/변기,화장실
,B1-0341,,화장실,환경미화,기타-환경미화운영사업소-환경미화-0000481,탑승단지>제2터미널지역>본관구역,제2여객터미널L/S,지하1층,,B1-0341,기계,급수/배수/위생,위생기구/세면기/변기,화장실
,B1-0342,,화장실,환경미화,기타-환경미화운영사업소-환경미화-0000482,탑승단지>제2터미널지역>본관구역,제2여객터미널L/S,지하1층,,B1-0342,기계,급수/배수/위생,위생기구/세면기/변기,화장실
,B1-1141,,화장실,환경미화,기타-환경미화운영사업소-환경미화-0000483,탑승단지>제2터미널지역>본관구역,제2여객터미널L/S,지하1층,,B1-1141,기계,급수/배수/위생,위생기구/세면기/변기,화장실
,B1-1142,,화장실,환경미화,기타-환경미화운영사업소-환경미화-0000484,탑승단지>제2터미널지역>본관구역,제2여객터미널L/S,지하1층,,B1-1142,기계,급수/배수/위생,위생기구/세면기/변기,화장실
,B1-1147,,화장실,환경미화,기타-환경미화운영사업소-환경미화-0000485,탑승단지>제2터미널지역>본관구역,제2여객터미널L/S,지하1층,,B1-1147,기계,급수/배수/위생,위생기구/세면기/변기,화장실
,B1-1148,,화장실,환경미화,기타-환경미화운영사업소-환경미화-0000486,탑승단지>제2터미널지역>본관구역,제2여객터미널L/S,지하1층,,B1-1148,기계,급수/배수/위생,위생기구/세면기/변기,화장실
,B1-1243,,화장실,환경미화,기타-환경미화운영사업소-환경미화-0000487,탑승단지>제2터미널지역>본관구역,제2여객터미널L/S,지하1층,,B1-1243,기계,급수/배수/위생,위생기구/세면기/변기,화장실
,B1-1244,,화장실,환경미화,기타-환경미화운영사업소-환경미화-0000488,탑승단지>제2터미널지역>본관구역,제2여객터미널L/S,지하1층,,B1-1244,기계,급수/배수/위생,위생기구/세면기/변기,화장실
,R2006남,,화장실,환경미화,기타-환경미화운영사업소-환경미화-0000489,탑승단지>탑승동지역>탑승구역,탑승동,2층,,R2006남,기계,급수/배수/위생,위생기구/세면기/변기,화장실
,R2005여,,화장실,환경미화,기타-환경미화운영사업소-환경미화-0000490,탑승단지>탑승동지역>탑승구역,탑승동,2층,,R2005여,기계,급수/배수/위생,위생기구/세면기/변기,화장실
,R2005남,,화장실,환경미화,기타-환경미화운영사업소-환경미화-0000491,탑승단지>탑승동지역>탑승구역,탑승동,2층,,R2005남,기계,급수/배수/위생,위생기구/세면기/변기,화장실
,1F-1502,,화장실,환경미화,기타-환경미화운영사업소-환경미화-0000492,탑승단지>제2터미널지역>본관구역,제2단기주차장,1층,,1F-1502,기계,급수/배수/위생,위생기구/세면기/변기,화장실
,1F-1603,,화장실,환경미화,기타-환경미화운영사업소-환경미화-0000493,탑승단지>제2터미널지역>본관구역,제2단기주차장,1층,,1F-1603,기계,급수/배수/위생,위생기구/세면기/변기,화장실
,1F-1603,,화장실,환경미화,기타-환경미화운영사업소-환경미화-0000494,탑승단지>제2터미널지역>본관구역,제2단기주차장,1층,,1F-1603,기계,급수/배수/위생,위생기구/세면기/변기,화장실
,2F-1502,,화장실,환경미화,기타-환경미화운영사업소-환경미화-0000495,탑승단지>제2터미널지역>본관구역,제2단기주차장,2층,,2F-1502,기계,급수/배수/위생,위생기구/세면기/변기,화장실
,2F-1502,,화장실,환경미화,기타-환경미화운영사업소-환경미화-0000496,탑승단지>제2터미널지역>본관구역,제2단기주차장,2층,,2F-1502,기계,급수/배수/위생,위생기구/세면기/변기,화장실
,2F-1601,,화장실,환경미화,기타-환경미화운영사업소-환경미화-0000497,탑승단지>제2터미널지역>본관구역,제2단기주차장,2층,,2F-1601,기계,급수/배수/위생,위생기구/세면기/변기,화장실
,2F-1601,,화장실,환경미화,기타-환경미화운영사업소-환경미화-0000498,탑승단지>제2터미널지역>본관구역,제2단기주차장,2층,,2F-1601,기계,급수/배수/위생,위생기구/세면기/변기,화장실
,3F-1502,,화장실,환경미화,기타-환경미화운영사업소-환경미화-0000499,탑승단지>제2터미널지역>본관구역,제2단기주차장,3층,,3F-1502,기계,급수/배수/위생,위생기구/세면기/변기,화장실
,3F-1502,,화장실,환경미화,기타-환경미화운영사업소-환경미화-0000500,탑승단지>제2터미널지역>본관구역,제2단기주차장,3층,,3F-1502,기계,급수/배수/위생,위생기구/세면기/변기,화장실
,3F-1602,,화장실,환경미화,기타-환경미화운영사업소-환경미화-0000501,탑승단지>제2터미널지역>본관구역,제2단기주차장,3층,,3F-1602,기계,급수/배수/위생,위생기구/세면기/변기,화장실
,3F-1602,,화장실,환경미화,기타-환경미화운영사업소-환경미화-0000502,탑승단지>제2터미널지역>본관구역,제2단기주차장,3층,,3F-1602,기계,급수/배수/위생,위생기구/세면기/변기,화장실
,4F-1502,,화장실,환경미화,기타-환경미화운영사업소-환경미화-0000503,탑승단지>제2터미널지역>본관구역,제2단기주차장,4층,,4F-1502,기계,급수/배수/위생,위생기구/세면기/변기,화장실
,4F-1502,,화장실,환경미화,기타-환경미화운영사업소-환경미화-0000504,탑승단지>제2터미널지역>본관구역,제2단기주차장,4층,,4F-1502,기계,급수/배수/위생,위생기구/세면기/변기,화장실
,4F-1602,,화장실,환경미화,기타-환경미화운영사업소-환경미화-0000505,탑승단지>제2터미널지역>본관구역,제2단기주차장,4층,,4F-1602,기계,급수/배수/위생,위생기구/세면기/변기,화장실
,4F-1602,,화장실,환경미화,기타-환경미화운영사업소-환경미화-0000506,탑승단지>제2터미널지역>본관구역,제2단기주차장,4층,,4F-1602,기계,급수/배수/위생,위생기구/세면기/변기,화장실
,B1-0604,,화장실,환경미화,기타-환경미화운영사업소-환경미화-0000507,탑승단지>제2터미널지역>본관구역,제2여객터미널L/S,지하1층,,B1-0604,기계,급수/배수/위생,위생기구/세면기/변기,화장실
,B1-0605,,화장실,환경미화,기타-환경미화운영사업소-환경미화-0000508,탑승단지>제2터미널지역>본관구역,제2여객터미널L/S,지하1층,,B1-0605,기계,급수/배수/위생,위생기구/세면기/변기,화장실
,B1-0617,,화장실,환경미화,기타-환경미화운영사업소-환경미화-0000509,탑승단지>제2터미널지역>본관구역,제2여객터미널L/S,지하1층,,B1-0617,기계,급수/배수/위생,위생기구/세면기/변기,화장실
,B1-0618,,화장실,환경미화,기타-환경미화운영사업소-환경미화-0000510,탑승단지>제2터미널지역>본관구역,제2여객터미널L/S,지하1층,,B1-0618,기계,급수/배수/위생,위생기구/세면기/변기,화장실
,B1-0621,,화장실,환경미화,기타-환경미화운영사업소-환경미화-0000511,탑승단지>제2터미널지역>본관구역,제2여객터미널L/S,지하1층,,B1-0621,기계,급수/배수/위생,위생기구/세면기/변기,화장실
,B1-0623,,화장실,환경미화,기타-환경미화운영사업소-환경미화-0000512,탑승단지>제2터미널지역>본관구역,제2여객터미널L/S,지하1층,,B1-0623,기계,급수/배수/위생,위생기구/세면기/변기,화장실
,B1-0507,,화장실,환경미화,기타-환경미화운영사업소-환경미화-0000513,탑승단지>제2터미널지역>본관구역,제2여객터미널L/S,지하1층,,B1-0507,기계,급수/배수/위생,위생기구/세면기/변기,화장실
,1F-1502,,화장실,환경미화,기타-환경미화운영사업소-환경미화-0000514,탑승단지>제2터미널지역>본관구역,제2단기주차장,1층,,1F-1502,기계,급수/배수/위생,위생기구/세면기/변기,화장실
,M-1704,,화장실,환경미화,기타-환경미화운영사업소-환경미화-0000515,탑승단지>제2터미널지역>본관구역,제2단기주차장,M층,,M-1704,기계,급수/배수/위생,위생기구/세면기/변기,화장실
,B1.5-0127,,화장실,환경미화,기타-환경미화운영사업소-환경미화-0000516,탑승단지>제2터미널지역>본관구역,제2교통센터,지하1.5층,,B1.5-0127,기계,급수/배수/위생,위생기구/세면기/변기,화장실
,B1-1514,,화장실,환경미화,기타-환경미화운영사업소-환경미화-0000517,탑승단지>제2터미널지역>본관구역,제2교통센터,지하1층,,B1-1514,기계,급수/배수/위생,위생기구/세면기/변기,화장실
,B1-1510,,화장실,환경미화,기타-환경미화운영사업소-환경미화-0000518,탑승단지>제2터미널지역>본관구역,제2교통센터,지하1층,,B1-1510,기계,급수/배수/위생,위생기구/세면기/변기,화장실
,B1-2103,,화장실,환경미화,기타-환경미화운영사업소-환경미화-0000519,탑승단지>제2터미널지역>본관구역,제2교통센터,지하1층,,B1-2103,기계,급수/배수/위생,위생기구/세면기/변기,화장실
,B1-2104,,화장실,환경미화,기타-환경미화운영사업소-환경미화-0000520,탑승단지>제2터미널지역>본관구역,제2교통센터,지하1층,,B1-2104,기계,급수/배수/위생,위생기구/세면기/변기,화장실
,B1-2009,,화장실,환경미화,기타-환경미화운영사업소-환경미화-0000521,탑승단지>제2터미널지역>본관구역,제2교통센터,지하1층,,B1-2009,기계,급수/배수/위생,위생기구/세면기/변기,화장실
,B1-2009,,화장실,환경미화,기타-환경미화운영사업소-환경미화-0000522,탑승단지>제2터미널지역>본관구역,제2교통센터,지하1층,,B1-2009,기계,급수/배수/위생,위생기구/세면기/변기,화장실
,B1-1610,,화장실,환경미화,기타-환경미화운영사업소-환경미화-0000523,탑승단지>제2터미널지역>본관구역,제2교통센터,지하1층,,B1-1610,기계,급수/배수/위생,위생기구/세면기/변기,화장실
,B1-1606,,화장실,환경미화,기타-환경미화운영사업소-환경미화-0000524,탑승단지>제2터미널지역>본관구역,제2교통센터,지하1층,,B1-1606,기계,급수/배수/위생,위생기구/세면기/변기,화장실
,B1-2209,,화장실,환경미화,기타-환경미화운영사업소-환경미화-0000525,탑승단지>제2터미널지역>본관구역,제2교통센터,지하1층,,B1-2209,기계,급수/배수/위생,위생기구/세면기/변기,화장실
,B1-2208,,화장실,환경미화,기타-환경미화운영사업소-환경미화-0000526,탑승단지>제2터미널지역>본관구역,제2교통센터,지하1층,,B1-2208,기계,급수/배수/위생,위생기구/세면기/변기,화장실
,B1-2314,,화장실,환경미화,기타-환경미화운영사업소-환경미화-0000527,탑승단지>제2터미널지역>본관구역,제2교통센터,지하1층,,B1-2314,기계,급수/배수/위생,위생기구/세면기/변기,화장실
,B1-2314,,화장실,환경미화,기타-환경미화운영사업소-환경미화-0000528,탑승단지>제2터미널지역>본관구역,제2교통센터,지하1층,,B1-2314,기계,급수/배수/위생,위생기구/세면기/변기,화장실
,1F-0904,,화장실,환경미화,기타-환경미화운영사업소-환경미화-0000529,탑승단지>제2터미널지역>본관구역,제2교통센터,1층,,1F-0904,기계,급수/배수/위생,위생기구/세면기/변기,화장실
,1F-1003,,화장실,환경미화,기타-환경미화운영사업소-환경미화-0000530,탑승단지>제2터미널지역>본관구역,제2교통센터,1층,,1F-1003,기계,급수/배수/위생,위생기구/세면기/변기,화장실
,B1-2018,,화장실,환경미화,기타-환경미화운영사업소-환경미화-0000531,탑승단지>제2터미널지역>본관구역,제2단기주차장,지하1층,,B1-2018,기계,급수/배수/위생,위생기구/세면기/변기,화장실
,B1-2019,,화장실,환경미화,기타-환경미화운영사업소-환경미화-0000532,탑승단지>제2터미널지역>본관구역,제2단기주차장,지하1층,,B1-2019,기계,급수/배수/위생,위생기구/세면기/변기,화장실
,B1-2323,,화장실,환경미화,기타-환경미화운영사업소-환경미화-0000533,탑승단지>제2터미널지역>본관구역,제2단기주차장,지하1층,,B1-2323,기계,급수/배수/위생,위생기구/세면기/변기,화장실
,B1-2323,,화장실,환경미화,기타-환경미화운영사업소-환경미화-0000534,탑승단지>제2터미널지역>본관구역,제2단기주차장,지하1층,,B1-2323,기계,급수/배수/위생,위생기구/세면기/변기,화장실
,M-1405,,화장실,환경미화,기타-환경미화운영사업소-환경미화-0000535,탑승단지>제2터미널지역>본관구역,제2단기주차장,M층,,M-1405,기계,급수/배수/위생,위생기구/세면기/변기,화장실
,M-1404,,화장실,환경미화,기타-환경미화운영사업소-환경미화-0000536,탑승단지>제2터미널지역>본관구역,제2단기주차장,M층,,M-1404,기계,급수/배수/위생,위생기구/세면기/변기,화장실
,M-1703,,화장실,환경미화,기타-환경미화운영사업소-환경미화-0000537,탑승단지>제2터미널지역>본관구역,제2단기주차장,M층,,M-1703,기계,급수/배수/위생,위생기구/세면기/변기,화장실
,B1-0508,,화장실,환경미화,기타-환경미화운영사업소-환경미화-0000538,탑승단지>제2터미널지역>본관구역,제2여객터미널L/S,지하1층,,B1-0508,기계,급수/배수/위생,위생기구/세면기/변기,화장실
,B1-0241,,화장실,환경미화,기타-환경미화운영사업소-환경미화-0000539,탑승단지>제2터미널지역>본관구역,제2여객터미널L/S,지하1층,,B1-0241,기계,급수/배수/위생,위생기구/세면기/변기,화장실
,B1-0242,,화장실,환경미화,기타-환경미화운영사업소-환경미화-0000540,탑승단지>제2터미널지역>본관구역,제2여객터미널L/S,지하1층,,B1-0242,기계,급수/배수/위생,위생기구/세면기/변기,화장실
,R1009남,,화장실,환경미화,기타-환경미화운영사업소-환경미화-0000541,탑승단지>탑승동지역>탑승구역,탑승동,1층,,R1009남,기계,급수/배수/위생,위생기구/세면기/변기,화장실
,R1009여,,화장실,환경미화,기타-환경미화운영사업소-환경미화-0000542,탑승단지>탑승동지역>탑승구역,탑승동,1층,,R1009여,기계,급수/배수/위생,위생기구/세면기/변기,화장실
,R1010남,,화장실,환경미화,기타-환경미화운영사업소-환경미화-0000543,탑승단지>탑승동지역>탑승구역,탑승동,1층,,R1010남,기계,급수/배수/위생,위생기구/세면기/변기,화장실
,R1010여,,화장실,환경미화,기타-환경미화운영사업소-환경미화-0000544,탑승단지>탑승동지역>탑승구역,탑승동,1층,,R1010여,기계,급수/배수/위생,위생기구/세면기/변기,화장실
,R1011남,,화장실,환경미화,기타-환경미화운영사업소-환경미화-0000545,탑승단지>탑승동지역>탑승구역,탑승동,1층,,R1011남,기계,급수/배수/위생,위생기구/세면기/변기,화장실
,R1011여,,화장실,환경미화,기타-환경미화운영사업소-환경미화-0000546,탑승단지>탑승동지역>탑승구역,탑승동,1층,,R1011여,기계,급수/배수/위생,위생기구/세면기/변기,화장실
,R1012남,,화장실,환경미화,기타-환경미화운영사업소-환경미화-0000547,탑승단지>탑승동지역>탑승구역,탑승동,1층,,R1012남,기계,급수/배수/위생,위생기구/세면기/변기,화장실
,R1012여,,화장실,환경미화,기타-환경미화운영사업소-환경미화-0000548,탑승단지>탑승동지역>탑승구역,탑승동,1층,,R1012여,기계,급수/배수/위생,위생기구/세면기/변기,화장실
,R1013남,,화장실,환경미화,기타-환경미화운영사업소-환경미화-0000549,탑승단지>탑승동지역>탑승구역,탑승동,1층,,R1013남,기계,급수/배수/위생,위생기구/세면기/변기,화장실
,R1014남,,화장실,환경미화,기타-환경미화운영사업소-환경미화-0000550,탑승단지>탑승동지역>탑승구역,탑승동,1층,,R1014남,기계,급수/배수/위생,위생기구/세면기/변기,화장실
,R1014여,,화장실,환경미화,기타-환경미화운영사업소-환경미화-0000551,탑승단지>탑승동지역>탑승구역,탑승동,1층,,R1014여,기계,급수/배수/위생,위생기구/세면기/변기,화장실
,R1015남,,화장실,환경미화,기타-환경미화운영사업소-환경미화-0000552,탑승단지>탑승동지역>탑승구역,탑승동,1층,,R1015남,기계,급수/배수/위생,위생기구/세면기/변기,화장실
,R1016남,,화장실,환경미화,기타-환경미화운영사업소-환경미화-0000553,탑승단지>탑승동지역>탑승구역,탑승동,1층,,R1016남,기계,급수/배수/위생,위생기구/세면기/변기,화장실
,R1016여,,화장실,환경미화,기타-환경미화운영사업소-환경미화-0000554,탑승단지>탑승동지역>탑승구역,탑승동,1층,,R1016여,기계,급수/배수/위생,위생기구/세면기/변기,화장실
,R2001남,,화장실,환경미화,기타-환경미화운영사업소-환경미화-0000555,탑승단지>탑승동지역>탑승구역,탑승동,2층,,R2001남,기계,급수/배수/위생,위생기구/세면기/변기,화장실
,R2001여,,화장실,환경미화,기타-환경미화운영사업소-환경미화-0000556,탑승단지>탑승동지역>탑승구역,탑승동,2층,,R2001여,기계,급수/배수/위생,위생기구/세면기/변기,화장실
,R2002남,,화장실,환경미화,기타-환경미화운영사업소-환경미화-0000557,탑승단지>탑승동지역>탑승구역,탑승동,2층,,R2002남,기계,급수/배수/위생,위생기구/세면기/변기,화장실
,R2002여,,화장실,환경미화,기타-환경미화운영사업소-환경미화-0000558,탑승단지>탑승동지역>탑승구역,탑승동,2층,,R2002여,기계,급수/배수/위생,위생기구/세면기/변기,화장실
,R2003남,,화장실,환경미화,기타-환경미화운영사업소-환경미화-0000559,탑승단지>탑승동지역>탑승구역,탑승동,2층,,R2003남,기계,급수/배수/위생,위생기구/세면기/변기,화장실
,R2003여,,화장실,환경미화,기타-환경미화운영사업소-환경미화-0000560,탑승단지>탑승동지역>탑승구역,탑승동,2층,,R2003여,기계,급수/배수/위생,위생기구/세면기/변기,화장실
,R2004남,,화장실,환경미화,기타-환경미화운영사업소-환경미화-0000561,탑승단지>탑승동지역>탑승구역,탑승동,2층,,R2004남,기계,급수/배수/위생,위생기구/세면기/변기,화장실
,R2004여,,화장실,환경미화,기타-환경미화운영사업소-환경미화-0000562,탑승단지>탑승동지역>탑승구역,탑승동,2층,,R2004여,기계,급수/배수/위생,위생기구/세면기/변기,화장실
,R1008여,,화장실,환경미화,기타-환경미화운영사업소-환경미화-0000563,탑승단지>탑승동지역>탑승구역,탑승동,1층,,R1008여,기계,급수/배수/위생,위생기구/세면기/변기,화장실
,R1008남,,화장실,환경미화,기타-환경미화운영사업소-환경미화-0000564,탑승단지>탑승동지역>탑승구역,탑승동,1층,,R1008남,기계,급수/배수/위생,위생기구/세면기/변기,화장실
,RB201남,,화장실,환경미화,기타-환경미화운영사업소-환경미화-0000565,탑승단지>탑승동지역>탑승구역,탑승동,지하2층,,RB201남,기계,급수/배수/위생,위생기구/세면기/변기,화장실
,RB202남,,화장실,환경미화,기타-환경미화운영사업소-환경미화-0000566,탑승단지>탑승동지역>탑승구역,탑승동,지하2층,,RB202남,기계,급수/배수/위생,위생기구/세면기/변기,화장실
,RB101남,,화장실,환경미화,기타-환경미화운영사업소-환경미화-0000567,탑승단지>탑승동지역>탑승구역,탑승동,지하1층,,RB101남,기계,급수/배수/위생,위생기구/세면기/변기,화장실
,RB101여,,화장실,환경미화,기타-환경미화운영사업소-환경미화-0000568,탑승단지>탑승동지역>탑승구역,탑승동,지하1층,,RB101여,기계,급수/배수/위생,위생기구/세면기/변기,화장실
,RB102남,,화장실,환경미화,기타-환경미화운영사업소-환경미화-0000569,탑승단지>탑승동지역>탑승구역,탑승동,지하1층,,RB102남,기계,급수/배수/위생,위생기구/세면기/변기,화장실
,RB102여,,화장실,환경미화,기타-환경미화운영사업소-환경미화-0000570,탑승단지>탑승동지역>탑승구역,탑승동,지하1층,,RB102여,기계,급수/배수/위생,위생기구/세면기/변기,화장실
,RB103남,,화장실,환경미화,기타-환경미화운영사업소-환경미화-0000571,탑승단지>탑승동지역>탑승구역,탑승동,지하1층,,RB103남,기계,급수/배수/위생,위생기구/세면기/변기,화장실
,RB103여,,화장실,환경미화,기타-환경미화운영사업소-환경미화-0000572,탑승단지>탑승동지역>탑승구역,탑승동,지하1층,,RB103여,기계,급수/배수/위생,위생기구/세면기/변기,화장실
,RB104남,,화장실,환경미화,기타-환경미화운영사업소-환경미화-0000573,탑승단지>탑승동지역>탑승구역,탑승동,지하1층,,RB104남,기계,급수/배수/위생,위생기구/세면기/변기,화장실
,RB104여,,화장실,환경미화,기타-환경미화운영사업소-환경미화-0000574,탑승단지>탑승동지역>탑승구역,탑승동,지하1층,,RB104여,기계,급수/배수/위생,위생기구/세면기/변기,화장실
,R1001남,,화장실,환경미화,기타-환경미화운영사업소-환경미화-0000575,탑승단지>탑승동지역>탑승구역,탑승동,1층,,R1001남,기계,급수/배수/위생,위생기구/세면기/변기,화장실
,R1001여,,화장실,환경미화,기타-환경미화운영사업소-환경미화-0000576,탑승단지>탑승동지역>탑승구역,탑승동,1층,,R1001여,기계,급수/배수/위생,위생기구/세면기/변기,화장실
,R1002남,,화장실,환경미화,기타-환경미화운영사업소-환경미화-0000577,탑승단지>탑승동지역>탑승구역,탑승동,1층,,R1002남,기계,급수/배수/위생,위생기구/세면기/변기,화장실
,R1003남,,화장실,환경미화,기타-환경미화운영사업소-환경미화-0000578,탑승단지>탑승동지역>탑승구역,탑승동,1층,,R1003남,기계,급수/배수/위생,위생기구/세면기/변기,화장실
,R1003여,,화장실,환경미화,기타-환경미화운영사업소-환경미화-0000579,탑승단지>탑승동지역>탑승구역,탑승동,1층,,R1003여,기계,급수/배수/위생,위생기구/세면기/변기,화장실
,R1004남,,화장실,환경미화,기타-환경미화운영사업소-환경미화-0000580,탑승단지>탑승동지역>탑승구역,탑승동,1층,,R1004남,기계,급수/배수/위생,위생기구/세면기/변기,화장실
,R1005남,,화장실,환경미화,기타-환경미화운영사업소-환경미화-0000581,탑승단지>탑승동지역>탑승구역,탑승동,1층,,R1005남,기계,급수/배수/위생,위생기구/세면기/변기,화장실
,R1005여,,화장실,환경미화,기타-환경미화운영사업소-환경미화-0000582,탑승단지>탑승동지역>탑승구역,탑승동,1층,,R1005여,기계,급수/배수/위생,위생기구/세면기/변기,화장실
,R1006남,,화장실,환경미화,기타-환경미화운영사업소-환경미화-0000583,탑승단지>탑승동지역>탑승구역,탑승동,1층,,R1006남,기계,급수/배수/위생,위생기구/세면기/변기,화장실
,R1006여,,화장실,환경미화,기타-환경미화운영사업소-환경미화-0000584,탑승단지>탑승동지역>탑승구역,탑승동,1층,,R1006여,기계,급수/배수/위생,위생기구/세면기/변기,화장실
,R1007남,,화장실,환경미화,기타-환경미화운영사업소-환경미화-0000585,탑승단지>탑승동지역>탑승구역,탑승동,1층,,R1007남,기계,급수/배수/위생,위생기구/세면기/변기,화장실
,R1007여,,화장실,환경미화,기타-환경미화운영사업소-환경미화-0000586,탑승단지>탑승동지역>탑승구역,탑승동,1층,,R1007여,기계,급수/배수/위생,위생기구/세면기/변기,화장실
,2F-0402,,화장실,환경미화,기타-환경미화운영사업소-환경미화-0000587,탑승단지>제2터미널지역>본관구역,제2여객터미널L/S,2층,,2F-0402,기계,급수/배수/위생,위생기구/세면기/변기,화장실
,2F-0403,,화장실,환경미화,기타-환경미화운영사업소-환경미화-0000588,탑승단지>제2터미널지역>본관구역,제2여객터미널L/S,2층,,2F-0403,기계,급수/배수/위생,위생기구/세면기/변기,화장실
,2F-0611,,화장실,환경미화,기타-환경미화운영사업소-환경미화-0000589,탑승단지>제2터미널지역>본관구역,제2여객터미널L/S,2층,,2F-0611,기계,급수/배수/위생,위생기구/세면기/변기,화장실
,1F-9042,,화장실,환경미화,기타-환경미화운영사업소-환경미화-0000590,탑승단지>제2터미널지역>본관구역,제2여객터미널A/S,1층,,1F-9042,기계,급수/배수/위생,위생기구/세면기/변기,화장실
,1F-9141,,화장실,환경미화,기타-환경미화운영사업소-환경미화-0000591,탑승단지>제2터미널지역>본관구역,제2여객터미널A/S,1층,,1F-9141,기계,급수/배수/위생,위생기구/세면기/변기,화장실
,1F-9142,,화장실,환경미화,기타-환경미화운영사업소-환경미화-0000592,탑승단지>제2터미널지역>본관구역,제2여객터미널A/S,1층,,1F-9142,기계,급수/배수/위생,위생기구/세면기/변기,화장실
,1F-9145,,화장실,환경미화,기타-환경미화운영사업소-환경미화-0000593,탑승단지>제2터미널지역>본관구역,제2여객터미널A/S,1층,,1F-9145,기계,급수/배수/위생,위생기구/세면기/변기,화장실
,1F-9146,,화장실,환경미화,기타-환경미화운영사업소-환경미화-0000594,탑승단지>제2터미널지역>본관구역,제2여객터미널A/S,1층,,1F-9146,기계,급수/배수/위생,위생기구/세면기/변기,화장실
,1F-9341,,화장실,환경미화,기타-환경미화운영사업소-환경미화-0000595,탑승단지>제2터미널지역>본관구역,제2여객터미널A/S,1층,,1F-9341,기계,급수/배수/위생,위생기구/세면기/변기,화장실
,1F-9342,,화장실,환경미화,기타-환경미화운영사업소-환경미화-0000596,탑승단지>제2터미널지역>본관구역,제2여객터미널A/S,1층,,1F-9342,기계,급수/배수/위생,위생기구/세면기/변기,화장실
,1F-3441,,화장실,환경미화,기타-환경미화운영사업소-환경미화-0000597,탑승단지>제2터미널지역>본관구역,제2여객터미널A/S,1층,,1F-3441,기계,급수/배수/위생,위생기구/세면기/변기,화장실
,1F-8342,,화장실,환경미화,기타-환경미화운영사업소-환경미화-0000598,탑승단지>제2터미널지역>본관구역,제2여객터미널A/S,1층,,1F-8342,기계,급수/배수/위생,위생기구/세면기/변기,화장실
,1F-3653,,화장실,환경미화,기타-환경미화운영사업소-환경미화-0000599,탑승단지>제2터미널지역>본관구역,제2여객터미널A/S,1층,,1F-3653,기계,급수/배수/위생,위생기구/세면기/변기,화장실
,1F-3654,,화장실,환경미화,기타-환경미화운영사업소-환경미화-0000600,탑승단지>제2터미널지역>본관구역,제2여객터미널A/S,1층,,1F-3654,기계,급수/배수/위생,위생기구/세면기/변기,화장실
,1F-8441,,화장실,환경미화,기타-환경미화운영사업소-환경미화-0000601,탑승단지>제2터미널지역>본관구역,제2여객터미널A/S,1층,,1F-8441,기계,급수/배수/위생,위생기구/세면기/변기,화장실
,1F-8442,,화장실,환경미화,기타-환경미화운영사업소-환경미화-0000602,탑승단지>제2터미널지역>본관구역,제2여객터미널A/S,1층,,1F-8442,기계,급수/배수/위생,위생기구/세면기/변기,화장실
,1F-8541,,화장실,환경미화,기타-환경미화운영사업소-환경미화-0000603,탑승단지>제2터미널지역>본관구역,제2여객터미널A/S,1층,,1F-8541,기계,급수/배수/위생,위생기구/세면기/변기,화장실
,1F-8542,,화장실,환경미화,기타-환경미화운영사업소-환경미화-0000604,탑승단지>제2터미널지역>본관구역,제2여객터미널A/S,1층,,1F-8542,기계,급수/배수/위생,위생기구/세면기/변기,화장실
,1F-8641,,화장실,환경미화,기타-환경미화운영사업소-환경미화-0000605,탑승단지>제2터미널지역>본관구역,제2여객터미널A/S,1층,,1F-8641,기계,급수/배수/위생,위생기구/세면기/변기,화장실
,1F-8642,,화장실,환경미화,기타-환경미화운영사업소-환경미화-0000606,탑승단지>제2터미널지역>본관구역,제2여객터미널A/S,1층,,1F-8642,기계,급수/배수/위생,위생기구/세면기/변기,화장실
,1F-8741,,화장실,환경미화,기타-환경미화운영사업소-환경미화-0000607,탑승단지>제2터미널지역>본관구역,제2여객터미널A/S,1층,,1F-8741,기계,급수/배수/위생,위생기구/세면기/변기,화장실
,1F-8743,,화장실,환경미화,기타-환경미화운영사업소-환경미화-0000608,탑승단지>제2터미널지역>본관구역,제2여객터미널A/S,1층,,1F-8743,기계,급수/배수/위생,위생기구/세면기/변기,화장실
,1F-8744,,화장실,환경미화,기타-환경미화운영사업소-환경미화-0000609,탑승단지>제2터미널지역>본관구역,제2여객터미널A/S,1층,,1F-8744,기계,급수/배수/위생,위생기구/세면기/변기,화장실
,1F-8747,,화장실,환경미화,기타-환경미화운영사업소-환경미화-0000610,탑승단지>제2터미널지역>본관구역,제2여객터미널A/S,1층,,1F-8747,기계,급수/배수/위생,위생기구/세면기/변기,화장실
,1F-8748,,화장실,환경미화,기타-환경미화운영사업소-환경미화-0000611,탑승단지>제2터미널지역>본관구역,제2여객터미널A/S,1층,,1F-8748,기계,급수/배수/위생,위생기구/세면기/변기,화장실
,1F-9041,,화장실,환경미화,기타-환경미화운영사업소-환경미화-0000612,탑승단지>제2터미널지역>본관구역,제2여객터미널A/S,1층,,1F-9041,기계,급수/배수/위생,위생기구/세면기/변기,화장실
,1F-7745,,화장실,환경미화,기타-환경미화운영사업소-환경미화-0000613,탑승단지>제2터미널지역>본관구역,제2여객터미널A/S,1층,,1F-7745,기계,급수/배수/위생,위생기구/세면기/변기,화장실
,1F-4314,,화장실,환경미화,기타-환경미화운영사업소-환경미화-0000614,탑승단지>제2터미널지역>본관구역,제2여객터미널A/S,1층,,1F-4314,기계,급수/배수/위생,위생기구/세면기/변기,화장실
,1F-4411,,화장실,환경미화,기타-환경미화운영사업소-환경미화-0000615,탑승단지>제2터미널지역>본관구역,제2여객터미널A/S,1층,,1F-4411,기계,급수/배수/위생,위생기구/세면기/변기,화장실
,1F-4412,,화장실,환경미화,기타-환경미화운영사업소-환경미화-0000616,탑승단지>제2터미널지역>본관구역,제2여객터미널A/S,1층,,1F-4412,기계,급수/배수/위생,위생기구/세면기/변기,화장실
,1F-4210,,화장실,환경미화,기타-환경미화운영사업소-환경미화-0000617,탑승단지>제2터미널지역>본관구역,제2여객터미널A/S,1층,,1F-4210,기계,급수/배수/위생,위생기구/세면기/변기,화장실
,1F-0141,,화장실,환경미화,기타-환경미화운영사업소-환경미화-0000618,탑승단지>제2터미널지역>본관구역,제2여객터미널A/S,1층,,1F-0141,기계,급수/배수/위생,위생기구/세면기/변기,화장실
,1F-0142,,화장실,환경미화,기타-환경미화운영사업소-환경미화-0000619,탑승단지>제2터미널지역>본관구역,제2여객터미널A/S,1층,,1F-0142,기계,급수/배수/위생,위생기구/세면기/변기,화장실
,1F-2153,,화장실,환경미화,기타-환경미화운영사업소-환경미화-0000620,탑승단지>제2터미널지역>본관구역,제2여객터미널A/S,1층,,1F-2153,기계,급수/배수/위생,위생기구/세면기/변기,화장실
,1F-2154,,화장실,환경미화,기타-환경미화운영사업소-환경미화-0000621,탑승단지>제2터미널지역>본관구역,제2여객터미널A/S,1층,,1F-2154,기계,급수/배수/위생,위생기구/세면기/변기,화장실
,1F-2641,,화장실,환경미화,기타-환경미화운영사업소-환경미화-0000622,탑승단지>제2터미널지역>본관구역,제2여객터미널A/S,1층,,1F-2641,기계,급수/배수/위생,위생기구/세면기/변기,화장실
,1F-2642,,화장실,환경미화,기타-환경미화운영사업소-환경미화-0000623,탑승단지>제2터미널지역>본관구역,제2여객터미널A/S,1층,,1F-2642,기계,급수/배수/위생,위생기구/세면기/변기,화장실
,1F-4641,,화장실,환경미화,기타-환경미화운영사업소-환경미화-0000624,탑승단지>제2터미널지역>본관구역,제2여객터미널A/S,1층,,1F-4641,기계,급수/배수/위생,위생기구/세면기/변기,화장실
,1F-4642,,화장실,환경미화,기타-환경미화운영사업소-환경미화-0000625,탑승단지>제2터미널지역>본관구역,제2여객터미널A/S,1층,,1F-4642,기계,급수/배수/위생,위생기구/세면기/변기,화장실
,1F-7341,,화장실,환경미화,기타-환경미화운영사업소-환경미화-0000626,탑승단지>제2터미널지역>본관구역,제2여객터미널A/S,1층,,1F-7341,기계,급수/배수/위생,위생기구/세면기/변기,화장실
,1F-7342,,화장실,환경미화,기타-환경미화운영사업소-환경미화-0000627,탑승단지>제2터미널지역>본관구역,제2여객터미널A/S,1층,,1F-7342,기계,급수/배수/위생,위생기구/세면기/변기,화장실
,1F-7441,,화장실,환경미화,기타-환경미화운영사업소-환경미화-0000628,탑승단지>제2터미널지역>본관구역,제2여객터미널A/S,1층,,1F-7441,기계,급수/배수/위생,위생기구/세면기/변기,화장실
,1F-7442,,화장실,환경미화,기타-환경미화운영사업소-환경미화-0000629,탑승단지>제2터미널지역>본관구역,제2여객터미널A/S,1층,,1F-7442,기계,급수/배수/위생,위생기구/세면기/변기,화장실
,1F-7541,,화장실,환경미화,기타-환경미화운영사업소-환경미화-0000630,탑승단지>제2터미널지역>본관구역,제2여객터미널A/S,1층,,1F-7541,기계,급수/배수/위생,위생기구/세면기/변기,화장실
,1F-7542,,화장실,환경미화,기타-환경미화운영사업소-환경미화-0000631,탑승단지>제2터미널지역>본관구역,제2여객터미널A/S,1층,,1F-7542,기계,급수/배수/위생,위생기구/세면기/변기,화장실
,1F-7641,,화장실,환경미화,기타-환경미화운영사업소-환경미화-0000632,탑승단지>제2터미널지역>본관구역,제2여객터미널A/S,1층,,1F-7641,기계,급수/배수/위생,위생기구/세면기/변기,화장실
,1F-7642,,화장실,환경미화,기타-환경미화운영사업소-환경미화-0000633,탑승단지>제2터미널지역>본관구역,제2여객터미널A/S,1층,,1F-7642,기계,급수/배수/위생,위생기구/세면기/변기,화장실
,1F-7741,,화장실,환경미화,기타-환경미화운영사업소-환경미화-0000634,탑승단지>제2터미널지역>본관구역,제2여객터미널A/S,1층,,1F-7741,기계,급수/배수/위생,위생기구/세면기/변기,화장실
,1F-7744,,화장실,환경미화,기타-환경미화운영사업소-환경미화-0000635,탑승단지>제2터미널지역>본관구역,제2여객터미널A/S,1층,,1F-7744,기계,급수/배수/위생,위생기구/세면기/변기,화장실
,1F-9641,,화장실,환경미화,기타-환경미화운영사업소-환경미화-0000636,탑승단지>제2터미널지역>본관구역,제2여객터미널A/S,1층,,1F-9641,기계,급수/배수/위생,위생기구/세면기/변기,화장실
,1F-9642,,화장실,환경미화,기타-환경미화운영사업소-환경미화-0000637,탑승단지>제2터미널지역>본관구역,제2여객터미널A/S,1층,,1F-9642,기계,급수/배수/위생,위생기구/세면기/변기,화장실
,1F-9645,,화장실,환경미화,기타-환경미화운영사업소-환경미화-0000638,탑승단지>제2터미널지역>본관구역,제2여객터미널A/S,1층,,1F-9645,기계,급수/배수/위생,위생기구/세면기/변기,화장실
,2F-2834,,화장실,환경미화,기타-환경미화운영사업소-환경미화-0000639,탑승단지>제2터미널지역>본관구역,제2여객터미널A/S,2층,,2F-2834,기계,급수/배수/위생,위생기구/세면기/변기,화장실
,2F-2806,,화장실,환경미화,기타-환경미화운영사업소-환경미화-0000640,탑승단지>제2터미널지역>본관구역,제2여객터미널A/S,2층,,2F-2806,기계,급수/배수/위생,위생기구/세면기/변기,화장실
,2F-2805,,화장실,환경미화,기타-환경미화운영사업소-환경미화-0000641,탑승단지>제2터미널지역>본관구역,제2여객터미널A/S,2층,,2F-2805,기계,급수/배수/위생,위생기구/세면기/변기,화장실
,2F-2304,,화장실,환경미화,기타-환경미화운영사업소-환경미화-0000642,탑승단지>제2터미널지역>본관구역,제2여객터미널A/S,2층,,2F-2304,기계,급수/배수/위생,위생기구/세면기/변기,화장실
,2F-2303,,화장실,환경미화,기타-환경미화운영사업소-환경미화-0000643,탑승단지>제2터미널지역>본관구역,제2여객터미널A/S,2층,,2F-2303,기계,급수/배수/위생,위생기구/세면기/변기,화장실
,2F-4209,,화장실,환경미화,기타-환경미화운영사업소-환경미화-0000644,탑승단지>제2터미널지역>본관구역,제2여객터미널A/S,2층,,2F-4209,기계,급수/배수/위생,위생기구/세면기/변기,화장실
,2F-4208,,화장실,환경미화,기타-환경미화운영사업소-환경미화-0000645,탑승단지>제2터미널지역>본관구역,제2여객터미널A/S,2층,,2F-4208,기계,급수/배수/위생,위생기구/세면기/변기,화장실
,2F-4402,,화장실,환경미화,기타-환경미화운영사업소-환경미화-0000646,탑승단지>제2터미널지역>본관구역,제2여객터미널A/S,2층,,2F-4402,기계,급수/배수/위생,위생기구/세면기/변기,화장실
,2F-4403,,화장실,환경미화,기타-환경미화운영사업소-환경미화-0000647,탑승단지>제2터미널지역>본관구역,제2여객터미널A/S,2층,,2F-4403,기계,급수/배수/위생,위생기구/세면기/변기,화장실
,2F-4502,,화장실,환경미화,기타-환경미화운영사업소-환경미화-0000648,탑승단지>제2터미널지역>본관구역,제2여객터미널A/S,2층,,2F-4502,기계,급수/배수/위생,위생기구/세면기/변기,화장실
,2F-4503,,화장실,환경미화,기타-환경미화운영사업소-환경미화-0000649,탑승단지>제2터미널지역>본관구역,제2여객터미널A/S,2층,,2F-4503,기계,급수/배수/위생,위생기구/세면기/변기,화장실
,2F-4606,,화장실,환경미화,기타-환경미화운영사업소-환경미화-0000650,탑승단지>제2터미널지역>본관구역,제2여객터미널A/S,2층,,2F-4606,기계,급수/배수/위생,위생기구/세면기/변기,화장실
,2F-4607,,화장실,환경미화,기타-환경미화운영사업소-환경미화-0000651,탑승단지>제2터미널지역>본관구역,제2여객터미널A/S,2층,,2F-4607,기계,급수/배수/위생,위생기구/세면기/변기,화장실
,2F-2942,,화장실,환경미화,기타-환경미화운영사업소-환경미화-0000652,탑승단지>제2터미널지역>본관구역,제2여객터미널A/S,2층,,2F-2942,기계,급수/배수/위생,위생기구/세면기/변기,화장실
,2F-2943,,화장실,환경미화,기타-환경미화운영사업소-환경미화-0000653,탑승단지>제2터미널지역>본관구역,제2여객터미널A/S,2층,,2F-2943,기계,급수/배수/위생,위생기구/세면기/변기,화장실
,2F-0141,,화장실,환경미화,기타-환경미화운영사업소-환경미화-0000654,탑승단지>제2터미널지역>본관구역,제2여객터미널A/S,2층,,2F-0141,기계,급수/배수/위생,위생기구/세면기/변기,화장실
,2F-0142,,화장실,환경미화,기타-환경미화운영사업소-환경미화-0000655,탑승단지>제2터미널지역>본관구역,제2여객터미널A/S,2층,,2F-0142,기계,급수/배수/위생,위생기구/세면기/변기,화장실
,2F-0147,,화장실,환경미화,기타-환경미화운영사업소-환경미화-0000656,탑승단지>제2터미널지역>본관구역,제2여객터미널A/S,2층,,2F-0147,기계,급수/배수/위생,위생기구/세면기/변기,화장실
,2F-2141,,화장실,환경미화,기타-환경미화운영사업소-환경미화-0000657,탑승단지>제2터미널지역>본관구역,제2여객터미널A/S,2층,,2F-2141,기계,급수/배수/위생,위생기구/세면기/변기,화장실
,2F-2142,,화장실,환경미화,기타-환경미화운영사업소-환경미화-0000658,탑승단지>제2터미널지역>본관구역,제2여객터미널A/S,2층,,2F-2142,기계,급수/배수/위생,위생기구/세면기/변기,화장실
,2F-2541,,화장실,환경미화,기타-환경미화운영사업소-환경미화-0000659,탑승단지>제2터미널지역>본관구역,제2여객터미널A/S,2층,,2F-2541,기계,급수/배수/위생,위생기구/세면기/변기,화장실
,2F-2542,,화장실,환경미화,기타-환경미화운영사업소-환경미화-0000660,탑승단지>제2터미널지역>본관구역,제2여객터미널A/S,2층,,2F-2542,기계,급수/배수/위생,위생기구/세면기/변기,화장실
,2F-2833,,화장실,환경미화,기타-환경미화운영사업소-환경미화-0000661,탑승단지>제2터미널지역>본관구역,제2여객터미널A/S,2층,,2F-2833,기계,급수/배수/위생,위생기구/세면기/변기,화장실
,2F-3004,,화장실,환경미화,기타-환경미화운영사업소-환경미화-0000662,탑승단지>제2터미널지역>본관구역,제2여객터미널A/S,2층,,2F-3004,기계,급수/배수/위생,위생기구/세면기/변기,화장실
,1F-9646,,화장실,환경미화,기타-환경미화운영사업소-환경미화-0000663,탑승단지>제2터미널지역>본관구역,제2여객터미널A/S,1층,,1F-9646,기계,급수/배수/위생,위생기구/세면기/변기,화장실
,1F-9841,,화장실,환경미화,기타-환경미화운영사업소-환경미화-0000664,탑승단지>제2터미널지역>본관구역,제2여객터미널A/S,1층,,1F-9841,기계,급수/배수/위생,위생기구/세면기/변기,화장실
,1F-9842,,화장실,환경미화,기타-환경미화운영사업소-환경미화-0000665,탑승단지>제2터미널지역>본관구역,제2여객터미널A/S,1층,,1F-9842,기계,급수/배수/위생,위생기구/세면기/변기,화장실
,1F-3021,,화장실,환경미화,기타-환경미화운영사업소-환경미화-0000666,탑승단지>제2터미널지역>본관구역,제2여객터미널A/S,1층,,1F-3021,기계,급수/배수/위생,위생기구/세면기/변기,화장실
,1F-3020,,화장실,환경미화,기타-환경미화운영사업소-환경미화-0000667,탑승단지>제2터미널지역>본관구역,제2여객터미널A/S,1층,,1F-3020,기계,급수/배수/위생,위생기구/세면기/변기,화장실
,1F-3208,,화장실,환경미화,기타-환경미화운영사업소-환경미화-0000668,탑승단지>제2터미널지역>본관구역,제2여객터미널A/S,1층,,1F-3208,기계,급수/배수/위생,위생기구/세면기/변기,화장실
,1F-3907,,화장실,환경미화,기타-환경미화운영사업소-환경미화-0000669,탑승단지>제2터미널지역>본관구역,제2여객터미널A/S,1층,,1F-3907,기계,급수/배수/위생,위생기구/세면기/변기,화장실
,1F-3906,,화장실,환경미화,기타-환경미화운영사업소-환경미화-0000670,탑승단지>제2터미널지역>본관구역,제2여객터미널A/S,1층,,1F-3906,기계,급수/배수/위생,위생기구/세면기/변기,화장실
,1F-3910,,화장실,환경미화,기타-환경미화운영사업소-환경미화-0000671,탑승단지>제2터미널지역>본관구역,제2여객터미널A/S,1층,,1F-3910,기계,급수/배수/위생,위생기구/세면기/변기,화장실
,1F-5328,,화장실,환경미화,기타-환경미화운영사업소-환경미화-0000672,탑승단지>제2터미널지역>본관구역,제2여객터미널A/S,1층,,1F-5328,기계,급수/배수/위생,위생기구/세면기/변기,화장실
,1F-5323,,화장실,환경미화,기타-환경미화운영사업소-환경미화-0000673,탑승단지>제2터미널지역>본관구역,제2여객터미널A/S,1층,,1F-5323,기계,급수/배수/위생,위생기구/세면기/변기,화장실
,1F-5322,,화장실,환경미화,기타-환경미화운영사업소-환경미화-0000674,탑승단지>제2터미널지역>본관구역,제2여객터미널A/S,1층,,1F-5322,기계,급수/배수/위생,위생기구/세면기/변기,화장실
,1F-5413,,화장실,환경미화,기타-환경미화운영사업소-환경미화-0000675,탑승단지>제2터미널지역>본관구역,제2여객터미널A/S,1층,,1F-5413,기계,급수/배수/위생,위생기구/세면기/변기,화장실
,1F-5412,,화장실,환경미화,기타-환경미화운영사업소-환경미화-0000676,탑승단지>제2터미널지역>본관구역,제2여객터미널A/S,1층,,1F-5412,기계,급수/배수/위생,위생기구/세면기/변기,화장실
,1F-5641,,화장실,환경미화,기타-환경미화운영사업소-환경미화-0000677,탑승단지>제2터미널지역>본관구역,제2여객터미널A/S,1층,,1F-5641,기계,급수/배수/위생,위생기구/세면기/변기,화장실
,1F-5642,,화장실,환경미화,기타-환경미화운영사업소-환경미화-0000678,탑승단지>제2터미널지역>본관구역,제2여객터미널A/S,1층,,1F-5642,기계,급수/배수/위생,위생기구/세면기/변기,화장실
,1F-0622,,화장실,환경미화,기타-환경미화운영사업소-환경미화-0000679,탑승단지>제2터미널지역>본관구역,제2여객터미널A/S,1층,,1F-0622,기계,급수/배수/위생,위생기구/세면기/변기,화장실
,1F-0621,,화장실,환경미화,기타-환경미화운영사업소-환경미화-0000680,탑승단지>제2터미널지역>본관구역,제2여객터미널A/S,1층,,1F-0621,기계,급수/배수/위생,위생기구/세면기/변기,화장실
,1F-0725,,화장실,환경미화,기타-환경미화운영사업소-환경미화-0000681,탑승단지>제2터미널지역>본관구역,제2여객터미널A/S,1층,,1F-0725,기계,급수/배수/위생,위생기구/세면기/변기,화장실
,1F-0726,,화장실,환경미화,기타-환경미화운영사업소-환경미화-0000682,탑승단지>제2터미널지역>본관구역,제2여객터미널A/S,1층,,1F-0726,기계,급수/배수/위생,위생기구/세면기/변기,화장실
,1F-0817,,화장실,환경미화,기타-환경미화운영사업소-환경미화-0000683,탑승단지>제2터미널지역>본관구역,제2여객터미널A/S,1층,,1F-0817,기계,급수/배수/위생,위생기구/세면기/변기,화장실
,1F-0818,,화장실,환경미화,기타-환경미화운영사업소-환경미화-0000684,탑승단지>제2터미널지역>본관구역,제2여객터미널A/S,1층,,1F-0818,기계,급수/배수/위생,위생기구/세면기/변기,화장실
,1F-4315,,화장실,환경미화,기타-환경미화운영사업소-환경미화-0000685,탑승단지>제2터미널지역>본관구역,제2여객터미널A/S,1층,,1F-4315,기계,급수/배수/위생,위생기구/세면기/변기,화장실
,1F-2406,,화장실,환경미화,기타-환경미화운영사업소-환경미화-0000686,탑승단지>제2터미널지역>본관구역,제2여객터미널A/S,1층,,1F-2406,기계,급수/배수/위생,위생기구/세면기/변기,화장실
,1F-2407,,화장실,환경미화,기타-환경미화운영사업소-환경미화-0000687,탑승단지>제2터미널지역>본관구역,제2여객터미널A/S,1층,,1F-2407,기계,급수/배수/위생,위생기구/세면기/변기,화장실
,1F-8341,,화장실,환경미화,기타-환경미화운영사업소-환경미화-0000688,탑승단지>제2터미널지역>본관구역,제2여객터미널A/S,1층,,1F-8341,기계,급수/배수/위생,위생기구/세면기/변기,화장실
,5-25-41,,화장실,환경미화,기타-환경미화운영사업소-환경미화-0000689,탑승단지>제2터미널지역>본관구역,제2여객터미널L/S,3층,,5-25-41,기계,급수/배수/위생,위생기구/세면기/변기,화장실
,5-25-42,,화장실,환경미화,기타-환경미화운영사업소-환경미화-0000690,탑승단지>제2터미널지역>본관구역,제2여객터미널L/S,3층,,5-25-42,기계,급수/배수/위생,위생기구/세면기/변기,화장실
,-,,화장실,환경미화,기타-환경미화운영사업소-환경미화-0000691,탑승단지>제2터미널지역>본관구역,제2여객터미널L/S,3층,,-,기계,급수/배수/위생,위생기구/세면기/변기,화장실
,-,,화장실,환경미화,기타-환경미화운영사업소-환경미화-0000692,탑승단지>제2터미널지역>본관구역,제2여객터미널L/S,3층,,-,기계,급수/배수/위생,위생기구/세면기/변기,화장실
,5-35-41,,화장실,환경미화,기타-환경미화운영사업소-환경미화-0000693,탑승단지>제2터미널지역>본관구역,제2여객터미널L/S,3층,,5-35-41,기계,급수/배수/위생,위생기구/세면기/변기,화장실
,5-35-42,,화장실,환경미화,기타-환경미화운영사업소-환경미화-0000694,탑승단지>제2터미널지역>본관구역,제2여객터미널L/S,3층,,5-35-42,기계,급수/배수/위생,위생기구/세면기/변기,화장실
,3F-3408,,화장실,환경미화,기타-환경미화운영사업소-환경미화-0000695,탑승단지>제2터미널지역>본관구역,제2여객터미널L/S,3층,,3F-3408,기계,급수/배수/위생,위생기구/세면기/변기,화장실
,3F-3409,,화장실,환경미화,기타-환경미화운영사업소-환경미화-0000696,탑승단지>제2터미널지역>본관구역,제2여객터미널L/S,3층,,3F-3409,기계,급수/배수/위생,위생기구/세면기/변기,화장실
,3F-3130,,화장실,환경미화,기타-환경미화운영사업소-환경미화-0000697,탑승단지>제2터미널지역>본관구역,제2여객터미널L/S,3층,,3F-3130,기계,급수/배수/위생,위생기구/세면기/변기,화장실
,3F-3129,,화장실,환경미화,기타-환경미화운영사업소-환경미화-0000698,탑승단지>제2터미널지역>본관구역,제2여객터미널L/S,3층,,3F-3129,기계,급수/배수/위생,위생기구/세면기/변기,화장실
,3F-3114,,화장실,환경미화,기타-환경미화운영사업소-환경미화-0000699,탑승단지>제2터미널지역>본관구역,제2여객터미널L/S,3층,,3F-3114,기계,급수/배수/위생,위생기구/세면기/변기,화장실
,3F-3115,,화장실,환경미화,기타-환경미화운영사업소-환경미화-0000700,탑승단지>제2터미널지역>본관구역,제2여객터미널L/S,3층,,3F-3115,기계,급수/배수/위생,위생기구/세면기/변기,화장실
,-,,화장실,환경미화,기타-환경미화운영사업소-환경미화-0000701,탑승단지>제2터미널지역>본관구역,제2여객터미널L/S,3층,,-,기계,급수/배수/위생,위생기구/세면기/변기,화장실
,-,,화장실,환경미화,기타-환경미화운영사업소-환경미화-0000702,탑승단지>제2터미널지역>본관구역,제2여객터미널L/S,3층,,-,기계,급수/배수/위생,위생기구/세면기/변기,화장실
,-,,화장실,환경미화,기타-환경미화운영사업소-환경미화-0000703,탑승단지>제2터미널지역>본관구역,제2여객터미널L/S,3층,,-,기계,급수/배수/위생,위생기구/세면기/변기,화장실
,4F-2605,,화장실,환경미화,기타-환경미화운영사업소-환경미화-0000704,탑승단지>제2터미널지역>본관구역,제2여객터미널L/S,4층,,4F-2605,기계,급수/배수/위생,위생기구/세면기/변기,화장실
,4F-2606,,화장실,환경미화,기타-환경미화운영사업소-환경미화-0000705,탑승단지>제2터미널지역>본관구역,제2여객터미널L/S,4층,,4F-2606,기계,급수/배수/위생,위생기구/세면기/변기,화장실
,4F-2712,,화장실,환경미화,기타-환경미화운영사업소-환경미화-0000706,탑승단지>제2터미널지역>본관구역,제2여객터미널L/S,4층,,4F-2712,기계,급수/배수/위생,위생기구/세면기/변기,화장실
,4F-2711,,화장실,환경미화,기타-환경미화운영사업소-환경미화-0000707,탑승단지>제2터미널지역>본관구역,제2여객터미널L/S,4층,,4F-2711,기계,급수/배수/위생,위생기구/세면기/변기,화장실
,4F-2611,,화장실,환경미화,기타-환경미화운영사업소-환경미화-0000708,탑승단지>제2터미널지역>본관구역,제2여객터미널L/S,4층,,4F-2611,기계,급수/배수/위생,위생기구/세면기/변기,화장실
,4F-2920,,화장실,환경미화,기타-환경미화운영사업소-환경미화-0000709,탑승단지>제2터미널지역>본관구역,제2여객터미널L/S,4층,,4F-2920,기계,급수/배수/위생,위생기구/세면기/변기,화장실
,1F-1342,,화장실,환경미화,기타-환경미화운영사업소-환경미화-0000710,탑승단지>제2터미널지역>본관구역,제2여객터미널A/S,1층,,1F-1342,기계,급수/배수/위생,위생기구/세면기/변기,화장실
,1F-1341,,화장실,환경미화,기타-환경미화운영사업소-환경미화-0000711,탑승단지>제2터미널지역>본관구역,제2여객터미널A/S,1층,,1F-1341,기계,급수/배수/위생,위생기구/세면기/변기,화장실
,2F-0612,,화장실,환경미화,기타-환경미화운영사업소-환경미화-0000712,탑승단지>제2터미널지역>본관구역,제2여객터미널L/S,2층,,2F-0612,기계,급수/배수/위생,위생기구/세면기/변기,화장실
,2F-3025,,화장실,환경미화,기타-환경미화운영사업소-환경미화-0000713,탑승단지>제2터미널지역>본관구역,제2여객터미널L/S,2층,,2F-3025,기계,급수/배수/위생,위생기구/세면기/변기,화장실
,2F-3026,,화장실,환경미화,기타-환경미화운영사업소-환경미화-0000714,탑승단지>제2터미널지역>본관구역,제2여객터미널L/S,2층,,2F-3026,기계,급수/배수/위생,위생기구/세면기/변기,화장실
,2F-0241,,화장실,환경미화,기타-환경미화운영사업소-환경미화-0000715,탑승단지>제2터미널지역>본관구역,제2여객터미널L/S,2층,,2F-0241,기계,급수/배수/위생,위생기구/세면기/변기,화장실
,2F-0242,,화장실,환경미화,기타-환경미화운영사업소-환경미화-0000716,탑승단지>제2터미널지역>본관구역,제2여객터미널L/S,2층,,2F-0242,기계,급수/배수/위생,위생기구/세면기/변기,화장실
,2F-1241,,화장실,환경미화,기타-환경미화운영사업소-환경미화-0000717,탑승단지>제2터미널지역>본관구역,제2여객터미널L/S,2층,,2F-1241,기계,급수/배수/위생,위생기구/세면기/변기,화장실
,2F-1242,,화장실,환경미화,기타-환경미화운영사업소-환경미화-0000718,탑승단지>제2터미널지역>본관구역,제2여객터미널L/S,2층,,2F-1242,기계,급수/배수/위생,위생기구/세면기/변기,화장실
,2F-1005,,화장실,환경미화,기타-환경미화운영사업소-환경미화-0000719,탑승단지>제2터미널지역>본관구역,제2여객터미널L/S,2층,,2F-1005,기계,급수/배수/위생,위생기구/세면기/변기,화장실
,2F-1004,,화장실,환경미화,기타-환경미화운영사업소-환경미화-0000720,탑승단지>제2터미널지역>본관구역,제2여객터미널L/S,2층,,2F-1004,기계,급수/배수/위생,위생기구/세면기/변기,화장실
,2F-0811,,화장실,환경미화,기타-환경미화운영사업소-환경미화-0000721,탑승단지>제2터미널지역>본관구역,제2여객터미널L/S,2층,,2F-0811,기계,급수/배수/위생,위생기구/세면기/변기,화장실
,2F-0810,,화장실,환경미화,기타-환경미화운영사업소-환경미화-0000722,탑승단지>제2터미널지역>본관구역,제2여객터미널L/S,2층,,2F-0810,기계,급수/배수/위생,위생기구/세면기/변기,화장실
,2F-3013,,화장실,환경미화,기타-환경미화운영사업소-환경미화-0000723,탑승단지>제2터미널지역>본관구역,제2여객터미널L/S,2층,,2F-3013,기계,급수/배수/위생,위생기구/세면기/변기,화장실
,2F-3012,,화장실,환경미화,기타-환경미화운영사업소-환경미화-0000724,탑승단지>제2터미널지역>본관구역,제2여객터미널L/S,2층,,2F-3012,기계,급수/배수/위생,위생기구/세면기/변기,화장실
,3F-2618,,화장실,환경미화,기타-환경미화운영사업소-환경미화-0000725,탑승단지>제2터미널지역>본관구역,제2여객터미널L/S,3층,,3F-2618,기계,급수/배수/위생,위생기구/세면기/변기,화장실
,3F-2617,,화장실,환경미화,기타-환경미화운영사업소-환경미화-0000726,탑승단지>제2터미널지역>본관구역,제2여객터미널L/S,3층,,3F-2617,기계,급수/배수/위생,위생기구/세면기/변기,화장실
,3F-2925,,화장실,환경미화,기타-환경미화운영사업소-환경미화-0000727,탑승단지>제2터미널지역>본관구역,제2여객터미널L/S,3층,,3F-2925,기계,급수/배수/위생,위생기구/세면기/변기,화장실
,3F-2926,,화장실,환경미화,기타-환경미화운영사업소-환경미화-0000728,탑승단지>제2터미널지역>본관구역,제2여객터미널L/S,3층,,3F-2926,기계,급수/배수/위생,위생기구/세면기/변기,화장실
,3F-2942,,화장실,환경미화,기타-환경미화운영사업소-환경미화-0000729,탑승단지>제2터미널지역>본관구역,제2여객터미널L/S,3층,,3F-2942,기계,급수/배수/위생,위생기구/세면기/변기,화장실
,3F-2941,,화장실,환경미화,기타-환경미화운영사업소-환경미화-0000730,탑승단지>제2터미널지역>본관구역,제2여객터미널L/S,3층,,3F-2941,기계,급수/배수/위생,위생기구/세면기/변기,화장실
,-,,화장실,환경미화,기타-환경미화운영사업소-환경미화-0000731,탑승단지>제2터미널지역>본관구역,제2여객터미널L/S,3층,,-,기계,급수/배수/위생,위생기구/세면기/변기,화장실
,-,,화장실,환경미화,기타-환경미화운영사업소-환경미화-0000732,탑승단지>제2터미널지역>본관구역,제2여객터미널L/S,3층,,-,기계,급수/배수/위생,위생기구/세면기/변기,화장실
,1F-3442,,화장실,환경미화,기타-환경미화운영사업소-환경미화-0000733,탑승단지>제2터미널지역>본관구역,제2여객터미널A/S,1층,,1F-3442,기계,급수/배수/위생,위생기구/세면기/변기,화장실
,4F-2921,,화장실,환경미화,기타-환경미화운영사업소-환경미화-0000734,탑승단지>제2터미널지역>본관구역,제2여객터미널L/S,4층,,4F-2921,기계,급수/배수/위생,위생기구/세면기/변기,화장실
,4F-3407,,화장실,환경미화,기타-환경미화운영사업소-환경미화-0000735,탑승단지>제2터미널지역>본관구역,제2여객터미널L/S,4층,,4F-3407,기계,급수/배수/위생,위생기구/세면기/변기,화장실
,4F-3406,,화장실,환경미화,기타-환경미화운영사업소-환경미화-0000736,탑승단지>제2터미널지역>본관구역,제2여객터미널L/S,4층,,4F-3406,기계,급수/배수/위생,위생기구/세면기/변기,화장실
,B1-3010,,화장실,환경미화,기타-환경미화운영사업소-환경미화-0000737,탑승단지>제2터미널지역>본관구역,제2여객터미널A/S,지하1층,,B1-3010,기계,급수/배수/위생,위생기구/세면기/변기,화장실
,B1-2925,,화장실,환경미화,기타-환경미화운영사업소-환경미화-0000738,탑승단지>제2터미널지역>본관구역,제2여객터미널A/S,지하1층,,B1-2925,기계,급수/배수/위생,위생기구/세면기/변기,화장실
,B1-2924,,화장실,환경미화,기타-환경미화운영사업소-환경미화-0000739,탑승단지>제2터미널지역>본관구역,제2여객터미널A/S,지하1층,,B1-2924,기계,급수/배수/위생,위생기구/세면기/변기,화장실
,B1-2924,,화장실,환경미화,기타-환경미화운영사업소-환경미화-0000740,탑승단지>제2터미널지역>본관구역,제2여객터미널A/S,지하1층,,B1-2924,기계,급수/배수/위생,위생기구/세면기/변기,화장실
,B1-0631,,화장실,환경미화,기타-환경미화운영사업소-환경미화-0000741,탑승단지>제2터미널지역>본관구역,제2여객터미널A/S,지하1층,,B1-0631,기계,급수/배수/위생,위생기구/세면기/변기,화장실
,B1-0635,,화장실,환경미화,기타-환경미화운영사업소-환경미화-0000742,탑승단지>제2터미널지역>본관구역,제2여객터미널A/S,지하1층,,B1-0635,기계,급수/배수/위생,위생기구/세면기/변기,화장실
,B1-2941,,화장실,환경미화,기타-환경미화운영사업소-환경미화-0000743,탑승단지>제2터미널지역>본관구역,제2여객터미널A/S,지하1층,,B1-2941,기계,급수/배수/위생,위생기구/세면기/변기,화장실
,B1-2942,,화장실,환경미화,기타-환경미화운영사업소-환경미화-0000744,탑승단지>제2터미널지역>본관구역,제2여객터미널A/S,지하1층,,B1-2942,기계,급수/배수/위생,위생기구/세면기/변기,화장실
,B1-7341,,화장실,환경미화,기타-환경미화운영사업소-환경미화-0000745,탑승단지>제2터미널지역>본관구역,제2여객터미널A/S,지하1층,,B1-7341,기계,급수/배수/위생,위생기구/세면기/변기,화장실
,B1-7341,,화장실,환경미화,기타-환경미화운영사업소-환경미화-0000746,탑승단지>제2터미널지역>본관구역,제2여객터미널A/S,지하1층,,B1-7341,기계,급수/배수/위생,위생기구/세면기/변기,화장실
,B1-7641,,화장실,환경미화,기타-환경미화운영사업소-환경미화-0000747,탑승단지>제2터미널지역>본관구역,제2여객터미널A/S,지하1층,,B1-7641,기계,급수/배수/위생,위생기구/세면기/변기,화장실
,B1-9341,,화장실,환경미화,기타-환경미화운영사업소-환경미화-0000748,탑승단지>제2터미널지역>본관구역,제2여객터미널A/S,지하1층,,B1-9341,기계,급수/배수/위생,위생기구/세면기/변기,화장실
,B1-9342,,화장실,환경미화,기타-환경미화운영사업소-환경미화-0000749,탑승단지>제2터미널지역>본관구역,제2여객터미널A/S,지하1층,,B1-9342,기계,급수/배수/위생,위생기구/세면기/변기,화장실
,B1-3141,,화장실,환경미화,기타-환경미화운영사업소-환경미화-0000750,탑승단지>제2터미널지역>본관구역,제2여객터미널A/S,지하1층,,B1-3141,기계,급수/배수/위생,위생기구/세면기/변기,화장실
,B1-3142,,화장실,환경미화,기타-환경미화운영사업소-환경미화-0000751,탑승단지>제2터미널지역>본관구역,제2여객터미널A/S,지하1층,,B1-3142,기계,급수/배수/위생,위생기구/세면기/변기,화장실
,B1-8341,,화장실,환경미화,기타-환경미화운영사업소-환경미화-0000752,탑승단지>제2터미널지역>본관구역,제2여객터미널A/S,지하1층,,B1-8341,기계,급수/배수/위생,위생기구/세면기/변기,화장실
,B1-8342,,화장실,환경미화,기타-환경미화운영사업소-환경미화-0000753,탑승단지>제2터미널지역>본관구역,제2여객터미널A/S,지하1층,,B1-8342,기계,급수/배수/위생,위생기구/세면기/변기,화장실
,B1-8641,,화장실,환경미화,기타-환경미화운영사업소-환경미화-0000754,탑승단지>제2터미널지역>본관구역,제2여객터미널A/S,지하1층,,B1-8641,기계,급수/배수/위생,위생기구/세면기/변기,화장실
,B1-9841,,화장실,환경미화,기타-환경미화운영사업소-환경미화-0000755,탑승단지>제2터미널지역>본관구역,제2여객터미널A/S,지하1층,,B1-9841,기계,급수/배수/위생,위생기구/세면기/변기,화장실
,B1-9842,,화장실,환경미화,기타-환경미화운영사업소-환경미화-0000756,탑승단지>제2터미널지역>본관구역,제2여객터미널A/S,지하1층,,B1-9842,기계,급수/배수/위생,위생기구/세면기/변기,화장실
,B1-5303,,화장실,환경미화,기타-환경미화운영사업소-환경미화-0000757,탑승단지>제2터미널지역>본관구역,제2여객터미널A/S,지하1층,,B1-5303,기계,급수/배수/위생,위생기구/세면기/변기,화장실
,1F-2810,,화장실,환경미화,기타-환경미화운영사업소-환경미화-0000758,탑승단지>제2터미널지역>본관구역,제2여객터미널A/S,1층,,1F-2810,기계,급수/배수/위생,위생기구/세면기/변기,화장실
,B1-4303,,화장실,환경미화,기타-환경미화운영사업소-환경미화-0000759,탑승단지>제2터미널지역>본관구역,제2여객터미널A/S,지하1층,,B1-4303,기계,급수/배수/위생,위생기구/세면기/변기,화장실
,B2-3113,,화장실,환경미화,기타-환경미화운영사업소-환경미화-0000760,탑승단지>제2터미널지역>본관구역,제2여객터미널A/S,지하2층,,B2-3113,기계,급수/배수/위생,위생기구/세면기/변기,화장실
,4F-3312,,화장실,환경미화,기타-환경미화운영사업소-환경미화-0000761,탑승단지>제2터미널지역>본관구역,제2여객터미널L/S,4층,,4F-3312,기계,급수/배수/위생,위생기구/세면기/변기,화장실
,4F-3313,,화장실,환경미화,기타-환경미화운영사업소-환경미화-0000762,탑승단지>제2터미널지역>본관구역,제2여객터미널L/S,4층,,4F-3313,기계,급수/배수/위생,위생기구/세면기/변기,화장실
,4F-3406,,화장실,환경미화,기타-환경미화운영사업소-환경미화-0000763,탑승단지>제2터미널지역>본관구역,제2여객터미널L/S,4층,,4F-3406,기계,급수/배수/위생,위생기구/세면기/변기,화장실
,4F-3120,,화장실,환경미화,기타-환경미화운영사업소-환경미화-0000764,탑승단지>제2터미널지역>본관구역,제2여객터미널L/S,4층,,4F-3120,기계,급수/배수/위생,위생기구/세면기/변기,화장실
,4F-3121,,화장실,환경미화,기타-환경미화운영사업소-환경미화-0000765,탑승단지>제2터미널지역>본관구역,제2여객터미널L/S,4층,,4F-3121,기계,급수/배수/위생,위생기구/세면기/변기,화장실
,5F-2902,,화장실,환경미화,기타-환경미화운영사업소-환경미화-0000766,탑승단지>제2터미널지역>본관구역,제2여객터미널L/S,5층,,5F-2902,기계,급수/배수/위생,위생기구/세면기/변기,화장실
,5F-2902,,화장실,환경미화,기타-환경미화운영사업소-환경미화-0000767,탑승단지>제2터미널지역>본관구역,제2여객터미널L/S,5층,,5F-2902,기계,급수/배수/위생,위생기구/세면기/변기,화장실
,-,,화장실,환경미화,기타-환경미화운영사업소-환경미화-0000768,탑승단지>제2터미널지역>본관구역,제2여객터미널L/S,5층,,-,기계,급수/배수/위생,위생기구/세면기/변기,화장실
,5F-3102,,화장실,환경미화,기타-환경미화운영사업소-환경미화-0000769,탑승단지>제2터미널지역>본관구역,제2여객터미널L/S,5층,,5F-3102,기계,급수/배수/위생,위생기구/세면기/변기,화장실
,5F-3102,,화장실,환경미화,기타-환경미화운영사업소-환경미화-0000770,탑승단지>제2터미널지역>본관구역,제2여객터미널L/S,5층,,5F-3102,기계,급수/배수/위생,위생기구/세면기/변기,화장실
,-,,화장실,환경미화,기타-환경미화운영사업소-환경미화-0000771,탑승단지>제2터미널지역>본관구역,제2여객터미널L/S,5층,,-,기계,급수/배수/위생,위생기구/세면기/변기,화장실
,B2-0204,,화장실,환경미화,기타-환경미화운영사업소-환경미화-0000772,탑승단지>제2터미널지역>본관구역,제2여객터미널A/S,지하2층,,B2-0204,기계,급수/배수/위생,위생기구/세면기/변기,화장실
,B2-0209,,화장실,환경미화,기타-환경미화운영사업소-환경미화-0000773,탑승단지>제2터미널지역>본관구역,제2여객터미널A/S,지하2층,,B2-0209,기계,급수/배수/위생,위생기구/세면기/변기,화장실
,B2-2911,,화장실,환경미화,기타-환경미화운영사업소-환경미화-0000774,탑승단지>제2터미널지역>본관구역,제2여객터미널A/S,지하2층,,B2-2911,기계,급수/배수/위생,위생기구/세면기/변기,화장실
,B2-2915,,화장실,환경미화,기타-환경미화운영사업소-환경미화-0000775,탑승단지>제2터미널지역>본관구역,제2여객터미널A/S,지하2층,,B2-2915,기계,급수/배수/위생,위생기구/세면기/변기,화장실
,B2-4141,,화장실,환경미화,기타-환경미화운영사업소-환경미화-0000776,탑승단지>제2터미널지역>본관구역,제2여객터미널A/S,지하2층,,B2-4141,기계,급수/배수/위생,위생기구/세면기/변기,화장실
,B2-4142,,화장실,환경미화,기타-환경미화운영사업소-환경미화-0000777,탑승단지>제2터미널지역>본관구역,제2여객터미널A/S,지하2층,,B2-4142,기계,급수/배수/위생,위생기구/세면기/변기,화장실
,B2-5141,,화장실,환경미화,기타-환경미화운영사업소-환경미화-0000778,탑승단지>제2터미널지역>본관구역,제2여객터미널A/S,지하2층,,B2-5141,기계,급수/배수/위생,위생기구/세면기/변기,화장실
,B2-5142,,화장실,환경미화,기타-환경미화운영사업소-환경미화-0000779,탑승단지>제2터미널지역>본관구역,제2여객터미널A/S,지하2층,,B2-5142,기계,급수/배수/위생,위생기구/세면기/변기,화장실
,B2-1241,,화장실,환경미화,기타-환경미화운영사업소-환경미화-0000780,탑승단지>제2터미널지역>본관구역,제2여객터미널A/S,지하2층,,B2-1241,기계,급수/배수/위생,위생기구/세면기/변기,화장실
,B2-1204,,화장실,환경미화,기타-환경미화운영사업소-환경미화-0000781,탑승단지>제2터미널지역>본관구역,제2여객터미널A/S,지하2층,,B2-1204,기계,급수/배수/위생,위생기구/세면기/변기,화장실
,B2-3103,,화장실,환경미화,기타-환경미화운영사업소-환경미화-0000782,탑승단지>제2터미널지역>본관구역,제2여객터미널A/S,지하2층,,B2-3103,기계,급수/배수/위생,위생기구/세면기/변기,화장실
,R3010,R3010,화장실,환경미화,기타-환경미화운영사업소-환경미화-0000783,,,,,R3010,기계,급수/배수/위생,위생기구/세면기/변기,화장실
